id_assure;age;sexe;type_assurance;duree_contrat;montant_prime;nb_sinistres;montant_sinistres;date_derniere_sinistre;region;bonus_malus
1;56;masculin;Habitation;3;114.56;0;2335.67;2023-07-21 14:51:34.070498;Kaolack;0.69
2;69;masculin;Auto;4;516.23;1;681.87;2021-11-04 14:51:34.070527;Saint-Louis;1.33
3;46;feminin;Habitation;5;169.77;0;1871.24;2024-01-17 14:51:34.070531;Thiès;1.06
4;32;masculin;Auto;6;305.25;1;5555.5;2023-05-16 14:51:34.070534;Saint-Louis;1.26
5;60;masculin;Habitation;3;743.84;1;2913.61;2025-11-14 14:51:34.070536;Saint-Louis;1.21
6;25;feminin;Vie;2;1624.91;0;4173.95;2024-09-23 14:51:34.070539;Thiès;0.71
7;78;masculin;Vie;4;1186.89;0;3768.67;2023-06-08 14:51:34.070543;Thiès;1.07
8;38;masculin;Santé;5;1074.07;0;8759.05;2021-11-26 14:51:34.070547;Thiès;1.37
9;56;masculin;Habitation;4;657.63;0;9052.99;2021-05-14 14:51:34.070557;Kaolack;0.93
10;75;masculin;Habitation;3;1870.33;0;4929.57;2025-10-25 14:51:34.070560;Thiès;1.47
11;36;masculin;Auto;8;854.33;0;3301.56;2022-05-02 14:51:34.070563;Dakar;0.95
12;40;feminin;Santé;10;265.48;0;1068.01;2021-02-04 14:51:34.070565;Thiès;0.64
13;28;masculin;Habitation;4;1272.43;1;9534.03;2025-03-13 14:51:34.070568;Thiès;0.89
14;28;masculin;Santé;2;316.29;1;602.27;2025-11-27 14:51:34.070570;Thiès;1.45
15;41;masculin;Vie;2;755.92;0;2976.5;2022-08-01 14:51:34.070572;Saint-Louis;0.82
16;70;masculin;Habitation;1;1064.08;1;2980.66;2025-05-06 14:51:34.070575;Kaolack;1.37
17;53;masculin;Habitation;4;1761.02;0;3204.01;2024-06-07 14:51:34.070577;Thiès;1.38
18;57;feminin;Santé;10;1037.74;2;1642.87;2022-03-01 14:51:34.070580;Kaolack;0.85
19;41;masculin;Habitation;9;1434.29;0;7831.61;2023-05-14 14:51:34.070582;Dakar;0.58
20;20;feminin;Santé;7;1986.35;1;1224.98;2023-02-21 14:51:34.070584;Dakar;1.22
21;39;feminin;Habitation;10;349.83;1;6349.07;2021-11-08 14:51:34.070586;Thiès;0.81
22;70;masculin;Auto;7;621.99;1;1238.46;2024-11-08 14:51:34.070588;Dakar;1.28
23;19;masculin;Santé;7;849.69;0;705.36;2021-12-28 14:51:34.070590;Kaolack;0.94
24;41;masculin;Habitation;8;901.47;1;9094.3;2022-08-21 14:51:34.070592;Saint-Louis;0.99
25;61;masculin;Vie;1;880.94;1;1901.29;2024-12-05 14:51:34.070595;Thiès;1.28
26;47;feminin;Habitation;10;1824.46;0;8212.5;2025-07-09 14:51:34.070597;Dakar;0.88
27;55;masculin;Vie;10;1456.66;2;5446.31;2025-03-19 14:51:34.070599;Kaolack;0.94
28;19;masculin;Vie;8;1255.02;1;778.57;2023-11-20 14:51:34.070601;Kaolack;0.88
29;77;masculin;Auto;4;687.81;1;9554.48;2024-05-30 14:51:34.070604;Dakar;0.87
30;38;masculin;Santé;4;1665.2;0;2469.61;2025-07-11 14:51:34.070606;Kaolack;1.03
31;50;masculin;Habitation;4;1914.61;1;8596.45;2022-01-13 14:51:34.070608;Kaolack;1.31
32;29;masculin;Auto;6;1660.28;0;1688.1;2022-01-28 14:51:34.070610;Thiès;0.86
33;75;feminin;Habitation;7;102.97;1;8539.43;2024-12-15 14:51:34.070612;Kaolack;1.02
34;39;feminin;Vie;6;1309.16;0;132.29;2022-02-07 14:51:34.070614;Dakar;1.17
35;78;masculin;Santé;1;197.16;0;5117.8;2025-04-22 14:51:34.070621;Thiès;0.77
36;61;masculin;Habitation;8;589.45;0;7694.43;2025-05-31 14:51:34.070624;Dakar;0.78
37;42;masculin;Habitation;10;213.1;0;9347.96;2021-01-12 14:51:34.070626;Saint-Louis;1.43
38;66;feminin;Vie;7;1247.21;0;9092.02;2021-01-18 14:51:34.070628;Dakar;1.22
39;44;masculin;Habitation;6;1404.52;1;8196.25;2024-09-15 14:51:34.070630;Dakar;1.08
40;76;feminin;Habitation;6;317.53;0;8881.91;2025-02-24 14:51:34.070632;Thiès;1.15
41;59;masculin;Vie;5;829.29;0;1992.2;2023-10-03 14:51:34.070635;Kaolack;0.53
42;45;masculin;Auto;6;966.85;1;2841.84;2023-12-08 14:51:34.070637;Dakar;1.12
43;77;masculin;Vie;9;801.2;1;2889.69;2025-11-26 14:51:34.070639;Thiès;1.01
44;33;masculin;Auto;10;329.95;1;3770.54;2023-04-03 14:51:34.070641;Saint-Louis;1.05
45;32;feminin;Santé;9;896.0;1;3933.21;2022-03-11 14:51:34.070643;Thiès;0.86
46;79;feminin;Auto;10;1527.24;1;5445.55;2021-02-13 14:51:34.070645;Thiès;0.58
47;79;masculin;Auto;8;234.91;0;1598.8;2025-11-29 14:51:34.070647;Kaolack;0.69
48;64;masculin;Santé;10;252.34;0;6912.47;2022-02-11 14:51:34.070649;Dakar;1.45
49;79;feminin;Auto;9;774.07;0;1675.67;2021-07-18 14:51:34.070651;Saint-Louis;0.91
50;68;feminin;Vie;10;1889.28;1;3103.08;2021-08-28 14:51:34.070653;Thiès;0.97
51;61;feminin;Auto;8;1370.29;0;5033.45;2021-10-02 14:51:34.070656;Dakar;0.55
52;72;feminin;Santé;8;1389.47;0;7964.41;2024-03-10 14:51:34.070657;Dakar;0.54
53;69;masculin;Vie;1;787.65;1;7394.69;2021-07-14 14:51:34.070660;Thiès;1.22
54;74;feminin;Santé;10;1227.96;1;6455.34;2022-12-17 14:51:34.070662;Dakar;1.04
55;20;masculin;Santé;5;119.25;0;1557.73;2024-03-29 14:51:34.070664;Thiès;1.01
56;54;feminin;Habitation;4;1308.58;0;5470.45;2021-04-11 14:51:34.070666;Thiès;0.74
57;68;feminin;Habitation;2;1835.25;1;874.47;2025-09-06 14:51:34.070668;Thiès;1.24
58;24;feminin;Santé;8;1263.89;0;3773.63;2021-02-27 14:51:34.070670;Saint-Louis;0.67
59;38;feminin;Santé;3;1760.03;0;4135.17;2024-02-20 14:51:34.070672;Thiès;0.69
60;26;feminin;Santé;4;1475.55;0;398.11;2022-04-03 14:51:34.070675;Kaolack;0.96
61;56;masculin;Habitation;7;329.06;0;2739.88;2024-02-01 14:51:34.070677;Dakar;0.79
62;35;masculin;Habitation;10;1814.66;1;9556.49;2021-10-14 14:51:34.070679;Saint-Louis;0.75
63;21;feminin;Auto;9;226.24;0;9536.33;2025-11-17 14:51:34.070681;Dakar;1.15
64;42;feminin;Auto;2;1114.54;0;3523.27;2024-07-17 14:51:34.070683;Saint-Louis;1.15
65;77;masculin;Santé;3;370.06;1;431.0;2021-04-05 14:51:34.070685;Kaolack;1.32
66;31;feminin;Vie;4;122.24;2;1790.95;2022-09-25 14:51:34.070688;Saint-Louis;0.92
67;67;feminin;Vie;10;901.87;4;3922.18;2021-01-05 14:51:34.070690;Saint-Louis;0.57
68;75;masculin;Habitation;1;660.58;0;9477.8;2023-10-31 14:51:34.070692;Saint-Louis;0.77
69;26;feminin;Habitation;7;1023.4;0;1411.99;2024-10-23 14:51:34.070694;Dakar;1.48
70;43;feminin;Habitation;2;1196.68;0;7635.16;2021-04-29 14:51:34.070696;Thiès;1.1
71;70;masculin;Santé;5;183.1;1;1086.83;2023-04-09 14:51:34.070698;Dakar;1.21
72;19;masculin;Vie;1;333.71;1;9812.58;2024-04-14 14:51:34.070700;Thiès;0.51
73;37;masculin;Auto;3;1161.42;2;3816.16;2022-04-17 14:51:34.070703;Dakar;1.02
74;45;feminin;Santé;2;752.02;0;7752.35;2024-06-10 14:51:34.070705;Kaolack;0.54
75;64;masculin;Auto;1;1485.43;0;3425.91;2022-11-03 14:51:34.070707;Kaolack;1.07
76;77;masculin;Auto;7;1339.35;0;6276.69;2023-10-09 14:51:34.070709;Saint-Louis;1.42
77;24;masculin;Santé;5;1706.65;0;1920.16;2021-12-08 14:51:34.070711;Kaolack;1.47
78;61;masculin;Auto;1;1415.74;0;1460.21;2021-01-31 14:51:34.070713;Saint-Louis;1.04
79;78;masculin;Vie;6;916.87;1;9380.64;2023-08-16 14:51:34.070715;Thiès;0.96
80;25;masculin;Auto;5;1378.64;0;9176.47;2024-12-20 14:51:34.070717;Kaolack;1.45
81;64;feminin;Vie;3;623.22;1;8874.69;2022-01-29 14:51:34.070719;Thiès;1.17
82;52;feminin;Vie;7;682.0;0;6254.33;2024-08-05 14:51:34.070721;Dakar;0.56
83;31;masculin;Vie;10;1599.07;1;8082.68;2024-10-15 14:51:34.070723;Thiès;0.97
84;34;masculin;Habitation;9;948.2;1;690.37;2024-07-29 14:51:34.070725;Dakar;0.74
85;53;masculin;Auto;9;1616.92;1;3347.89;2025-11-17 14:51:34.070727;Thiès;0.97
86;67;feminin;Santé;9;1662.6;0;3137.03;2021-09-12 14:51:34.070729;Thiès;0.96
87;57;feminin;Santé;2;1729.37;1;6356.45;2022-09-20 14:51:34.070731;Kaolack;1.08
88;21;feminin;Auto;3;1841.61;0;3559.58;2025-02-02 14:51:34.070734;Thiès;0.86
89;19;feminin;Habitation;7;918.87;0;1485.07;2025-10-15 14:51:34.070736;Kaolack;0.66
90;79;feminin;Habitation;5;705.85;2;5964.67;2023-06-29 14:51:34.070738;Kaolack;1.0
91;23;feminin;Vie;2;1206.18;1;8143.84;2021-12-16 14:51:34.070740;Saint-Louis;1.33
92;71;feminin;Auto;3;805.23;0;3821.23;2025-11-01 14:51:34.070743;Saint-Louis;1.16
93;59;feminin;Auto;10;1242.04;0;1322.69;2023-08-02 14:51:34.070745;Dakar;0.84
94;21;feminin;Santé;6;1440.61;2;1966.88;2024-03-04 14:51:34.070747;Thiès;1.44
95;71;masculin;Auto;7;1407.97;0;2374.83;2022-10-15 14:51:34.070749;Dakar;1.41
96;46;masculin;Habitation;9;811.65;0;2998.98;2021-08-30 14:51:34.070751;Thiès;0.71
97;35;masculin;Auto;1;417.03;3;6427.95;2021-02-28 14:51:34.070753;Saint-Louis;0.54
98;43;masculin;Santé;7;918.01;1;6009.45;2024-02-16 14:51:34.070755;Saint-Louis;1.24
99;61;feminin;Vie;8;370.93;0;6960.8;2021-07-06 14:51:34.070757;Thiès;1.33
100;51;feminin;Santé;3;1791.18;0;3625.02;2021-06-26 14:51:34.070760;Thiès;1.47
101;27;masculin;Santé;4;757.17;1;8239.98;2025-11-23 14:51:34.070761;Saint-Louis;1.39
102;79;feminin;Vie;10;393.47;0;2040.88;2025-07-25 14:51:34.070764;Saint-Louis;1.1
103;53;masculin;Santé;6;148.35;1;4690.41;2022-05-04 14:51:34.070765;Dakar;1.03
104;31;feminin;Santé;10;1327.06;0;8009.39;2023-03-18 14:51:34.070767;Saint-Louis;0.53
105;48;masculin;Auto;7;1310.11;1;1801.59;2022-12-15 14:51:34.070769;Thiès;0.75
106;65;feminin;Auto;4;747.15;1;1098.63;2024-09-30 14:51:34.070771;Dakar;0.96
107;32;feminin;Vie;8;236.25;0;8836.84;2022-06-26 14:51:34.070774;Thiès;1.13
108;25;masculin;Auto;5;878.29;1;3429.3;2024-03-29 14:51:34.070776;Kaolack;1.06
109;31;feminin;Auto;1;691.31;0;6838.7;2025-01-12 14:51:34.070778;Dakar;1.24
110;40;masculin;Santé;4;1386.53;1;253.49;2021-11-09 14:51:34.070781;Thiès;0.78
111;77;masculin;Habitation;3;1250.98;1;6900.47;2024-10-04 14:51:34.070783;Saint-Louis;1.06
112;74;masculin;Auto;9;792.73;0;3161.01;2023-04-19 14:51:34.070786;Kaolack;0.59
113;79;masculin;Habitation;8;514.0;0;557.41;2025-09-17 14:51:34.070788;Thiès;0.91
114;57;feminin;Auto;1;1977.27;1;6098.13;2023-09-23 14:51:34.070790;Dakar;1.25
115;38;feminin;Auto;6;962.6;1;2408.04;2022-04-16 14:51:34.070792;Thiès;1.19
116;33;feminin;Vie;9;1407.72;2;3868.07;2022-06-08 14:51:34.070796;Kaolack;1.49
117;62;masculin;Vie;7;367.05;0;805.81;2022-08-28 14:51:34.070798;Dakar;0.78
118;35;feminin;Vie;4;1022.62;0;1471.63;2025-01-25 14:51:34.070800;Kaolack;1.0
119;64;masculin;Habitation;1;152.32;0;2979.77;2021-03-26 14:51:34.070802;Thiès;0.83
120;70;feminin;Santé;2;1060.36;0;897.6;2025-03-26 14:51:34.070807;Saint-Louis;0.94
121;41;feminin;Auto;5;1931.63;0;9108.26;2021-12-02 14:51:34.070809;Saint-Louis;1.36
122;43;feminin;Auto;5;829.99;1;60.47;2023-12-18 14:51:34.070811;Thiès;1.18
123;42;masculin;Auto;8;174.09;0;4838.6;2021-12-05 14:51:34.070813;Thiès;1.38
124;77;feminin;Habitation;6;158.82;0;1232.47;2022-04-05 14:51:34.070815;Thiès;0.7
125;77;feminin;Vie;8;837.17;0;3076.79;2021-05-07 14:51:34.070817;Dakar;1.37
126;77;masculin;Santé;2;404.05;0;9260.6;2024-06-03 14:51:34.070819;Kaolack;0.56
127;62;feminin;Habitation;3;144.37;0;1616.95;2023-11-19 14:51:34.070821;Kaolack;1.39
128;58;masculin;Vie;6;1536.81;0;9658.32;2021-06-24 14:51:34.070823;Kaolack;0.83
129;46;feminin;Habitation;10;971.19;1;2057.94;2022-07-19 14:51:34.070826;Thiès;0.81
130;32;masculin;Santé;3;649.57;1;7415.66;2025-03-17 14:51:34.070828;Kaolack;1.01
131;62;masculin;Vie;6;1810.16;0;5466.77;2025-09-22 14:51:34.070830;Thiès;1.44
132;18;feminin;Habitation;6;320.66;2;8844.79;2024-10-19 14:51:34.070832;Dakar;0.55
133;42;masculin;Santé;2;1916.25;1;5539.93;2025-10-24 14:51:34.070834;Saint-Louis;0.85
134;24;masculin;Auto;7;696.54;2;5345.59;2024-08-29 14:51:34.070837;Thiès;1.36
135;26;masculin;Santé;2;1787.97;1;1954.58;2021-03-04 14:51:34.070838;Thiès;0.9
136;41;masculin;Auto;6;1245.59;1;1662.29;2025-10-06 14:51:34.070841;Saint-Louis;0.7
137;18;masculin;Habitation;1;1670.74;1;9164.89;2021-12-01 14:51:34.070843;Saint-Louis;0.92
138;61;masculin;Vie;3;1969.63;0;3278.38;2025-01-24 14:51:34.070845;Dakar;0.89
139;25;feminin;Vie;2;647.97;0;3720.82;2025-07-19 14:51:34.070847;Kaolack;1.42
140;41;masculin;Habitation;7;1926.16;4;7598.24;2021-10-18 14:51:34.070849;Thiès;1.26
141;28;masculin;Vie;4;840.02;0;3388.23;2021-10-01 14:51:34.070851;Kaolack;1.01
142;68;feminin;Vie;8;832.47;0;9520.62;2024-04-26 14:51:34.070853;Thiès;1.49
143;34;feminin;Auto;6;746.74;0;7379.28;2021-11-25 14:51:34.070855;Dakar;0.97
144;25;feminin;Habitation;10;1128.67;0;5974.29;2021-02-21 14:51:34.070857;Saint-Louis;0.56
145;52;feminin;Santé;4;392.88;0;8808.95;2023-09-15 14:51:34.070859;Dakar;0.76
146;52;feminin;Auto;5;1152.05;0;496.06;2022-08-14 14:51:34.070862;Saint-Louis;0.94
147;50;feminin;Habitation;9;1129.24;0;2570.63;2022-07-19 14:51:34.070864;Kaolack;0.66
148;76;feminin;Auto;7;1547.61;0;4650.36;2021-01-29 14:51:34.070866;Kaolack;1.45
149;22;masculin;Santé;10;1683.93;0;2269.79;2023-06-26 14:51:34.070868;Dakar;1.27
150;59;masculin;Santé;9;936.84;3;7439.05;2021-10-15 14:51:34.070871;Saint-Louis;0.77
151;56;feminin;Habitation;7;674.43;0;9192.08;2024-05-10 14:51:34.070873;Dakar;1.09
152;75;masculin;Santé;1;592.74;1;4237.7;2024-01-16 14:51:34.070875;Saint-Louis;1.22
153;58;masculin;Auto;8;469.79;0;3421.33;2021-06-11 14:51:34.070877;Saint-Louis;1.44
154;45;masculin;Santé;4;209.53;0;9615.51;2023-04-03 14:51:34.070879;Kaolack;1.38
155;24;feminin;Auto;3;750.65;0;4448.52;2024-06-17 14:51:34.070881;Kaolack;1.02
156;26;feminin;Auto;7;613.47;0;4890.48;2023-08-27 14:51:34.070883;Saint-Louis;1.27
157;25;masculin;Santé;3;1936.19;0;3516.5;2021-10-16 14:51:34.070885;Saint-Louis;1.06
158;29;feminin;Habitation;8;1159.65;1;9095.48;2025-07-30 14:51:34.070887;Saint-Louis;1.05
159;51;masculin;Vie;6;759.83;0;5689.55;2025-11-30 14:51:34.070889;Kaolack;0.61
160;50;masculin;Santé;5;1202.89;1;7621.75;2022-05-26 14:51:34.070891;Kaolack;0.63
161;65;masculin;Auto;4;364.47;0;8118.07;2021-07-09 14:51:34.070893;Thiès;1.03
162;72;masculin;Auto;8;943.68;1;3418.49;2025-03-14 14:51:34.070895;Saint-Louis;0.77
163;40;feminin;Santé;8;1289.85;0;4336.94;2023-04-16 14:51:34.070897;Thiès;0.52
164;79;feminin;Habitation;1;1028.91;0;8484.72;2023-10-13 14:51:34.070899;Saint-Louis;1.22
165;41;feminin;Habitation;9;863.38;0;3632.55;2021-10-20 14:51:34.070902;Kaolack;0.53
166;54;masculin;Auto;5;1988.31;0;7939.35;2025-10-28 14:51:34.070904;Thiès;1.1
167;52;feminin;Auto;4;1772.6;1;9409.92;2023-06-05 14:51:34.070908;Thiès;1.04
168;61;masculin;Habitation;6;1284.47;0;6232.1;2023-02-07 14:51:34.070910;Dakar;1.47
169;57;feminin;Vie;6;1181.82;0;7416.27;2022-01-10 14:51:34.070912;Saint-Louis;0.98
170;39;masculin;Santé;2;1279.25;0;8050.97;2022-01-25 14:51:34.070914;Kaolack;0.56
171;44;masculin;Auto;8;482.49;1;8450.4;2023-05-25 14:51:34.070916;Dakar;1.05
172;52;masculin;Auto;7;850.76;0;3950.53;2024-03-03 14:51:34.070918;Dakar;1.34
173;18;feminin;Habitation;1;174.97;0;512.63;2021-09-12 14:51:34.070920;Saint-Louis;1.5
174;52;feminin;Santé;5;1003.54;0;4018.76;2021-10-09 14:51:34.070926;Dakar;0.93
175;54;feminin;Habitation;6;1131.75;0;6737.56;2025-02-01 14:51:34.070929;Saint-Louis;0.82
176;64;feminin;Santé;4;532.72;1;4503.5;2024-03-02 14:51:34.070931;Dakar;1.41
177;31;masculin;Santé;2;1931.65;0;7489.63;2023-03-12 14:51:34.070933;Saint-Louis;0.69
178;20;feminin;Santé;4;1827.96;0;3569.82;2023-06-27 14:51:34.070935;Kaolack;1.12
179;18;feminin;Auto;1;1472.07;1;6347.44;2022-11-10 14:51:34.070937;Saint-Louis;0.91
180;22;masculin;Vie;7;1113.43;1;1864.2;2024-08-07 14:51:34.070939;Saint-Louis;0.54
181;43;masculin;Habitation;2;1752.94;1;7493.69;2021-08-07 14:51:34.070941;Thiès;0.85
182;72;masculin;Vie;2;348.24;0;5456.96;2022-12-13 14:51:34.070943;Kaolack;0.77
183;31;feminin;Habitation;9;1601.97;3;2040.64;2024-05-09 14:51:34.070945;Kaolack;1.19
184;56;masculin;Santé;5;337.16;0;2919.11;2021-01-27 14:51:34.070947;Kaolack;1.45
185;44;masculin;Auto;2;1609.0;0;7486.09;2024-07-15 14:51:34.070950;Dakar;0.77
186;26;masculin;Vie;9;623.96;1;4826.01;2024-07-08 14:51:34.070952;Thiès;1.31
187;32;feminin;Auto;9;1766.47;0;2160.31;2025-07-22 14:51:34.070954;Kaolack;0.56
188;32;masculin;Habitation;1;1893.68;1;9672.71;2025-08-25 14:51:34.070956;Dakar;1.04
189;43;feminin;Auto;3;382.71;1;7151.25;2024-04-18 14:51:34.070959;Dakar;0.57
190;59;feminin;Auto;4;979.08;0;9571.35;2025-08-18 14:51:34.070961;Dakar;1.43
191;77;masculin;Vie;7;1963.88;0;4271.05;2024-05-03 14:51:34.070963;Thiès;1.27
192;30;masculin;Santé;10;1018.47;1;4751.0;2022-09-25 14:51:34.070965;Dakar;1.16
193;68;feminin;Auto;4;1740.74;0;8979.55;2025-11-13 14:51:34.070967;Thiès;1.32
194;49;masculin;Santé;2;1218.59;1;5250.49;2024-11-15 14:51:34.070969;Saint-Louis;1.15
195;56;masculin;Habitation;7;813.13;0;7072.79;2024-02-29 14:51:34.070971;Dakar;1.47
196;66;feminin;Auto;6;642.99;0;2521.73;2023-10-04 14:51:34.070973;Kaolack;1.21
197;69;feminin;Vie;3;486.12;0;4467.26;2023-04-09 14:51:34.070976;Dakar;1.42
198;78;masculin;Habitation;6;1547.42;1;1234.5;2023-06-09 14:51:34.070977;Saint-Louis;1.02
199;49;feminin;Habitation;6;834.43;0;2059.8;2022-10-03 14:51:34.070980;Saint-Louis;0.62
200;21;masculin;Vie;5;1071.42;0;9.43;2025-06-30 14:51:34.070982;Dakar;1.03
201;47;masculin;Auto;4;1035.42;1;392.65;2024-05-13 14:51:34.070984;Saint-Louis;0.63
202;54;masculin;Auto;10;1196.83;0;9772.84;2025-03-01 14:51:34.070987;Thiès;1.09
203;40;feminin;Habitation;1;1744.6;0;2423.54;2023-10-05 14:51:34.070989;Thiès;0.98
204;56;masculin;Auto;10;1963.4;0;6633.11;2021-02-17 14:51:34.070991;Dakar;1.12
205;62;masculin;Santé;6;874.41;0;8391.0;2021-06-01 14:51:34.070993;Thiès;0.51
206;32;masculin;Vie;2;1672.29;0;5506.6;2025-05-02 14:51:34.070998;Thiès;0.69
207;60;feminin;Santé;3;1552.6;1;1531.45;2025-06-19 14:51:34.071000;Kaolack;0.99
208;46;feminin;Auto;8;1189.71;2;7281.16;2021-10-23 14:51:34.071002;Dakar;1.45
209;53;feminin;Habitation;10;1916.49;0;6002.51;2023-03-25 14:51:34.071004;Saint-Louis;0.88
210;30;feminin;Vie;6;480.9;0;7312.51;2023-06-27 14:51:34.071006;Dakar;0.92
211;49;feminin;Auto;3;307.6;1;7697.47;2022-02-03 14:51:34.071008;Thiès;1.21
212;24;masculin;Auto;7;1722.53;0;9754.1;2024-01-21 14:51:34.071010;Kaolack;1.1
213;76;feminin;Habitation;4;934.38;0;5735.63;2022-09-19 14:51:34.071012;Dakar;0.8
214;68;feminin;Habitation;9;1709.24;2;3416.41;2023-12-26 14:51:34.071015;Dakar;0.91
215;39;feminin;Santé;5;1796.87;1;6484.65;2021-09-23 14:51:34.071017;Thiès;0.72
216;45;masculin;Vie;3;218.67;0;684.41;2021-03-02 14:51:34.071019;Thiès;1.47
217;19;feminin;Vie;2;1778.58;1;8973.97;2022-09-02 14:51:34.071021;Dakar;0.63
218;59;feminin;Habitation;2;951.81;0;1193.81;2021-05-26 14:51:34.071023;Thiès;0.87
219;62;masculin;Santé;3;1069.82;0;3278.43;2022-03-01 14:51:34.071025;Thiès;0.53
220;79;feminin;Vie;2;1290.53;2;8157.45;2025-11-11 14:51:34.071027;Thiès;0.72
221;74;masculin;Habitation;4;1860.13;1;5973.12;2024-01-02 14:51:34.071029;Thiès;1.28
222;70;masculin;Auto;2;136.32;0;3936.36;2021-08-26 14:51:34.071032;Thiès;0.7
223;23;masculin;Vie;10;1006.0;0;4734.36;2021-07-05 14:51:34.071034;Kaolack;0.58
224;45;masculin;Santé;9;1406.67;0;8545.47;2022-11-04 14:51:34.071035;Thiès;0.97
225;45;masculin;Santé;2;1473.14;0;3400.04;2024-06-30 14:51:34.071038;Saint-Louis;0.51
226;61;feminin;Santé;9;1415.81;1;8696.5;2023-08-21 14:51:34.071040;Dakar;0.58
227;61;masculin;Auto;6;355.43;0;881.34;2021-09-30 14:51:34.071042;Kaolack;1.31
228;37;masculin;Vie;1;668.85;0;7767.98;2025-05-16 14:51:34.071044;Kaolack;1.27
229;47;feminin;Vie;4;781.56;0;8475.48;2025-12-27 14:51:34.071046;Thiès;1.42
230;79;masculin;Auto;1;1628.43;1;1818.18;2024-03-09 14:51:34.071048;Dakar;1.35
231;28;feminin;Vie;6;629.64;0;4303.47;2025-10-23 14:51:34.071050;Saint-Louis;1.18
232;75;feminin;Auto;4;500.34;1;1655.0;2021-03-31 14:51:34.071052;Thiès;0.55
233;72;feminin;Auto;3;1919.15;0;7066.04;2025-02-11 14:51:34.071054;Dakar;1.28
234;45;masculin;Auto;3;116.84;0;5353.48;2025-01-20 14:51:34.071057;Thiès;1.35
235;42;masculin;Santé;9;1995.86;0;6353.23;2024-06-15 14:51:34.071059;Thiès;1.3
236;56;masculin;Vie;6;1385.96;2;1964.87;2025-10-17 14:51:34.071061;Thiès;1.01
237;79;feminin;Auto;9;1674.09;1;2117.46;2024-01-21 14:51:34.071063;Thiès;0.73
238;50;masculin;Vie;5;659.78;0;414.97;2025-11-09 14:51:34.071065;Thiès;1.35
239;18;masculin;Santé;2;127.2;0;3220.68;2025-09-18 14:51:34.071067;Thiès;1.23
240;74;masculin;Auto;8;1501.95;0;5597.45;2021-07-31 14:51:34.071069;Thiès;1.48
241;44;feminin;Habitation;5;1684.87;0;8579.35;2022-03-29 14:51:34.071071;Saint-Louis;0.66
242;79;feminin;Santé;2;1506.9;1;6669.27;2024-08-16 14:51:34.071074;Kaolack;0.73
243;74;masculin;Habitation;4;371.42;0;4353.96;2023-01-21 14:51:34.071076;Saint-Louis;0.71
244;69;masculin;Vie;9;1531.51;0;9531.2;2023-02-11 14:51:34.071079;Thiès;1.29
245;30;masculin;Vie;4;1560.95;0;7192.45;2024-07-27 14:51:34.071081;Thiès;0.69
246;58;masculin;Santé;4;1351.23;0;9301.65;2024-12-23 14:51:34.071083;Saint-Louis;0.57
247;20;feminin;Vie;2;1555.62;0;5275.88;2021-06-26 14:51:34.071085;Saint-Louis;1.5
248;56;feminin;Habitation;6;1707.25;0;2589.04;2024-09-16 14:51:34.071087;Kaolack;0.52
249;23;feminin;Auto;2;1265.85;1;528.27;2023-11-05 14:51:34.071089;Saint-Louis;1.34
250;25;feminin;Auto;7;268.35;0;7260.85;2021-01-07 14:51:34.071091;Kaolack;0.87
251;44;masculin;Auto;3;1026.49;0;1213.03;2021-12-12 14:51:34.071093;Thiès;1.34
252;26;masculin;Santé;3;247.53;0;3027.75;2024-03-08 14:51:34.071095;Dakar;1.05
253;79;masculin;Vie;5;874.33;0;5324.71;2023-07-19 14:51:34.071097;Dakar;1.4
254;54;feminin;Habitation;3;873.5;1;5644.17;2021-03-04 14:51:34.071099;Dakar;1.43
255;50;masculin;Vie;2;225.42;1;6005.83;2021-10-28 14:51:34.071101;Dakar;0.51
256;68;feminin;Vie;10;762.76;0;1662.55;2025-02-03 14:51:34.071104;Thiès;0.58
257;59;feminin;Vie;9;310.9;0;3797.37;2023-12-08 14:51:34.071105;Dakar;0.75
258;61;masculin;Auto;2;1635.65;1;6171.94;2025-06-21 14:51:34.071108;Saint-Louis;1.17
259;41;masculin;Habitation;2;1900.61;1;9698.19;2024-05-29 14:51:34.071110;Saint-Louis;1.39
260;32;masculin;Habitation;8;237.4;1;7276.31;2024-04-22 14:51:34.071112;Dakar;0.96
261;76;feminin;Vie;9;1914.72;1;9226.04;2022-02-19 14:51:34.071114;Saint-Louis;1.11
262;71;masculin;Auto;7;1092.9;1;7622.12;2021-03-31 14:51:34.071116;Kaolack;0.69
263;49;feminin;Auto;3;669.17;0;5917.17;2022-07-26 14:51:34.071118;Thiès;1.3
264;49;masculin;Habitation;9;246.04;0;1920.23;2023-01-06 14:51:34.071121;Dakar;1.47
265;41;feminin;Auto;3;1051.19;1;6666.86;2022-06-02 14:51:34.071123;Dakar;0.77
266;58;feminin;Auto;5;1609.58;1;6233.8;2023-06-02 14:51:34.071125;Thiès;0.99
267;69;masculin;Auto;9;1443.46;0;6024.69;2023-05-12 14:51:34.071127;Saint-Louis;0.59
268;66;feminin;Santé;3;195.43;0;4897.86;2021-05-21 14:51:34.071129;Thiès;1.06
269;79;feminin;Vie;7;238.51;2;5286.57;2025-11-03 14:51:34.071131;Thiès;1.0
270;66;masculin;Habitation;1;865.46;0;3344.43;2021-10-26 14:51:34.071133;Saint-Louis;0.64
271;75;feminin;Habitation;4;661.05;1;5193.13;2023-03-04 14:51:34.071136;Thiès;0.94
272;69;masculin;Santé;4;541.53;0;1975.56;2022-07-08 14:51:34.071137;Saint-Louis;0.83
273;29;feminin;Vie;7;633.91;3;8051.74;2024-11-21 14:51:34.071140;Saint-Louis;1.02
274;79;masculin;Habitation;8;1626.62;0;1857.77;2025-04-14 14:51:34.071142;Thiès;1.09
275;56;masculin;Auto;1;1865.53;0;849.66;2021-01-06 14:51:34.071144;Kaolack;0.51
276;19;feminin;Habitation;5;869.7;1;4362.46;2023-05-27 14:51:34.071146;Saint-Louis;1.26
277;20;feminin;Auto;7;1821.61;1;6583.07;2025-04-25 14:51:34.071148;Thiès;1.21
278;66;feminin;Santé;4;710.84;2;4377.17;2025-01-23 14:51:34.071150;Saint-Louis;0.87
279;54;feminin;Auto;4;1005.23;0;2767.54;2021-07-27 14:51:34.071152;Kaolack;0.55
280;66;feminin;Habitation;4;529.46;0;5581.71;2022-10-26 14:51:34.071154;Kaolack;1.25
281;73;masculin;Habitation;6;1316.9;0;3470.02;2023-04-01 14:51:34.071156;Dakar;1.46
282;34;feminin;Habitation;7;1960.06;0;9328.68;2023-10-08 14:51:34.071158;Saint-Louis;0.74
283;76;masculin;Santé;2;1246.64;0;9226.45;2022-09-29 14:51:34.071161;Saint-Louis;0.82
284;66;masculin;Santé;5;779.85;2;5023.72;2025-06-29 14:51:34.071163;Thiès;0.68
285;19;feminin;Vie;4;1330.85;0;3278.84;2024-09-08 14:51:34.071165;Saint-Louis;1.08
286;19;masculin;Habitation;3;333.55;1;7371.32;2021-01-26 14:51:34.071167;Dakar;0.65
287;45;masculin;Auto;7;1788.45;0;367.13;2024-05-09 14:51:34.071169;Kaolack;0.86
288;71;masculin;Santé;6;1055.86;0;4747.69;2024-12-11 14:51:34.071171;Kaolack;1.2
289;40;masculin;Habitation;7;953.76;0;3363.23;2025-07-22 14:51:34.071173;Dakar;1.06
290;54;feminin;Habitation;5;1213.14;0;9205.36;2021-01-20 14:51:34.071175;Saint-Louis;0.89
291;49;masculin;Santé;6;1287.09;1;120.03;2023-09-25 14:51:34.071180;Saint-Louis;0.92
292;50;feminin;Vie;5;236.37;0;5528.15;2021-11-15 14:51:34.071182;Dakar;1.06
293;18;feminin;Santé;7;1396.97;0;7406.64;2022-07-29 14:51:34.071184;Thiès;0.51
294;36;masculin;Santé;2;559.67;0;4850.18;2022-08-06 14:51:34.071187;Kaolack;0.58
295;79;feminin;Auto;5;1456.51;1;854.03;2021-10-15 14:51:34.071188;Dakar;1.38
296;19;feminin;Auto;6;1662.82;1;9724.61;2024-02-29 14:51:34.071191;Dakar;0.58
297;70;feminin;Vie;6;1627.52;2;5180.1;2025-07-09 14:51:34.071193;Saint-Louis;1.21
298;61;masculin;Habitation;5;1149.75;0;6141.86;2021-08-22 14:51:34.071195;Kaolack;1.42
299;43;feminin;Santé;10;1088.32;0;2366.1;2022-04-25 14:51:34.071197;Saint-Louis;0.77
300;49;feminin;Vie;7;371.46;0;4834.98;2022-09-21 14:51:34.071199;Dakar;0.87
301;23;feminin;Auto;10;1573.16;1;4291.49;2024-09-25 14:51:34.071201;Thiès;1.07
302;49;masculin;Santé;8;615.68;0;748.96;2021-09-13 14:51:34.071203;Kaolack;1.38
303;72;feminin;Habitation;7;1043.72;3;1061.6;2022-11-16 14:51:34.071205;Dakar;1.44
304;21;masculin;Auto;5;640.12;1;8374.73;2024-12-11 14:51:34.071207;Dakar;1.24
305;72;masculin;Auto;1;354.27;0;2398.2;2023-08-26 14:51:34.071209;Thiès;0.59
306;28;masculin;Auto;5;1296.16;0;1949.58;2022-01-17 14:51:34.071212;Dakar;1.17
307;73;masculin;Vie;10;203.23;0;5049.11;2024-01-23 14:51:34.071213;Dakar;0.91
308;76;masculin;Habitation;2;1522.43;0;7687.47;2025-01-01 14:51:34.071216;Kaolack;0.97
309;34;masculin;Santé;5;703.41;1;619.47;2021-05-08 14:51:34.071218;Kaolack;0.55
310;55;feminin;Vie;5;100.26;1;5768.08;2024-03-22 14:51:34.071220;Kaolack;0.69
311;41;masculin;Vie;2;1071.15;0;1192.1;2024-05-18 14:51:34.071223;Saint-Louis;1.29
312;22;feminin;Vie;5;189.02;0;364.61;2023-11-21 14:51:34.071225;Thiès;0.95
313;69;feminin;Auto;4;624.72;0;527.44;2024-06-01 14:51:34.071227;Kaolack;0.8
314;51;masculin;Habitation;1;1443.26;0;8341.64;2023-07-31 14:51:34.071229;Saint-Louis;0.88
315;23;feminin;Vie;3;219.11;0;1179.72;2021-12-30 14:51:34.071232;Saint-Louis;1.35
316;39;feminin;Santé;1;1694.74;0;451.51;2024-12-16 14:51:34.071234;Thiès;1.25
317;28;feminin;Habitation;5;107.26;0;4379.0;2025-04-22 14:51:34.071236;Thiès;0.77
318;65;feminin;Santé;4;568.97;0;8439.93;2025-03-14 14:51:34.071239;Dakar;0.62
319;33;masculin;Habitation;7;1507.72;1;2624.08;2022-07-06 14:51:34.071241;Saint-Louis;0.75
320;50;feminin;Santé;5;700.91;1;4217.13;2023-04-02 14:51:34.071243;Kaolack;1.42
321;26;masculin;Auto;10;293.6;2;399.23;2022-07-28 14:51:34.071245;Thiès;1.08
322;77;feminin;Vie;4;784.44;1;4490.79;2024-02-04 14:51:34.071247;Saint-Louis;1.03
323;76;feminin;Santé;2;613.75;0;5776.13;2023-03-07 14:51:34.071249;Kaolack;1.1
324;23;masculin;Habitation;4;1701.15;0;5709.07;2025-12-21 14:51:34.071251;Saint-Louis;0.87
325;33;feminin;Vie;2;695.36;0;3324.27;2021-05-28 14:51:34.071254;Thiès;1.31
326;46;feminin;Vie;8;1598.97;2;3155.33;2023-12-25 14:51:34.071255;Dakar;1.02
327;20;feminin;Habitation;3;1794.56;0;1066.24;2025-11-04 14:51:34.071258;Saint-Louis;0.62
328;37;masculin;Santé;9;924.25;0;3667.98;2021-04-30 14:51:34.071260;Kaolack;0.63
329;77;feminin;Auto;4;1828.89;0;994.95;2023-07-01 14:51:34.071262;Thiès;1.04
330;76;masculin;Auto;6;816.9;1;7665.96;2024-10-14 14:51:34.071264;Dakar;1.44
331;53;feminin;Santé;10;1931.75;0;9662.74;2023-09-02 14:51:34.071266;Kaolack;0.81
332;36;masculin;Vie;5;269.65;0;9700.74;2023-01-30 14:51:34.071268;Kaolack;1.37
333;43;masculin;Vie;10;1405.34;1;8650.71;2022-10-28 14:51:34.071270;Kaolack;1.26
334;20;feminin;Vie;1;1038.25;1;6007.92;2022-05-14 14:51:34.071272;Saint-Louis;0.75
335;36;feminin;Vie;9;836.53;0;7008.66;2022-06-04 14:51:34.071275;Thiès;0.54
336;37;masculin;Santé;1;1302.15;0;2852.06;2024-04-12 14:51:34.071276;Kaolack;0.6
337;49;masculin;Vie;8;1437.33;0;6307.7;2024-11-23 14:51:34.071279;Saint-Louis;1.23
338;24;feminin;Habitation;9;108.29;0;4556.5;2022-07-14 14:51:34.071281;Thiès;0.7
339;69;masculin;Vie;9;417.21;3;4820.17;2021-07-15 14:51:34.071283;Thiès;0.87
340;58;feminin;Auto;1;1454.79;1;7577.77;2021-01-01 14:51:34.071285;Saint-Louis;1.0
341;50;feminin;Vie;2;1366.13;0;2819.18;2025-02-06 14:51:34.071287;Saint-Louis;1.23
342;57;feminin;Santé;1;1935.49;0;3180.4;2025-02-03 14:51:34.071289;Kaolack;0.61
343;56;feminin;Auto;10;1545.97;0;9246.42;2023-12-08 14:51:34.071291;Thiès;0.91
344;35;masculin;Santé;2;1906.47;1;562.24;2022-07-12 14:51:34.071293;Dakar;0.99
345;57;feminin;Santé;10;1434.83;0;4856.34;2023-01-28 14:51:34.071295;Saint-Louis;1.04
346;18;masculin;Auto;8;666.3;1;9128.01;2022-09-27 14:51:34.071298;Thiès;1.32
347;28;feminin;Santé;5;300.19;0;6103.63;2022-09-29 14:51:34.071300;Thiès;0.67
348;45;masculin;Santé;7;1585.47;0;5464.07;2022-09-02 14:51:34.071302;Kaolack;1.31
349;74;feminin;Vie;2;1323.88;2;2497.44;2021-10-29 14:51:34.071304;Dakar;1.19
350;42;masculin;Habitation;8;191.55;0;3432.75;2023-03-19 14:51:34.071306;Kaolack;1.06
351;67;masculin;Santé;6;784.1;0;8520.48;2025-01-15 14:51:34.071308;Dakar;1.2
352;40;feminin;Santé;8;1917.92;1;5592.18;2025-03-23 14:51:34.071310;Dakar;0.91
353;48;feminin;Santé;1;1050.76;0;5147.42;2025-07-27 14:51:34.071313;Saint-Louis;0.64
354;47;feminin;Vie;1;922.19;0;995.8;2021-01-18 14:51:34.071316;Thiès;1.17
355;59;feminin;Habitation;7;969.63;0;160.28;2021-11-18 14:51:34.071317;Thiès;1.02
356;52;masculin;Auto;8;496.88;0;9636.85;2025-03-01 14:51:34.071320;Thiès;1.14
357;24;feminin;Vie;3;800.54;1;3769.86;2023-07-22 14:51:34.071321;Dakar;0.84
358;77;masculin;Vie;5;802.65;0;6032.13;2021-06-06 14:51:34.071324;Thiès;1.41
359;33;masculin;Habitation;1;199.47;2;797.15;2024-09-25 14:51:34.071326;Saint-Louis;1.09
360;43;feminin;Habitation;7;1558.38;0;6831.14;2021-10-10 14:51:34.071328;Dakar;0.59
361;65;masculin;Vie;5;891.36;0;9325.67;2022-10-13 14:51:34.071330;Dakar;0.95
362;74;masculin;Auto;8;1662.14;1;5756.65;2021-11-07 14:51:34.071332;Dakar;1.26
363;69;masculin;Vie;8;1715.66;2;1261.15;2025-07-20 14:51:34.071334;Dakar;1.29
364;77;masculin;Habitation;9;502.79;0;5817.22;2023-03-11 14:51:34.071336;Saint-Louis;0.99
365;66;feminin;Auto;7;1348.97;0;7663.47;2024-06-10 14:51:34.071338;Thiès;1.39
366;19;feminin;Habitation;1;997.34;0;4064.17;2024-05-22 14:51:34.071340;Saint-Louis;0.77
367;18;feminin;Auto;3;1772.3;0;8798.38;2022-09-26 14:51:34.071342;Thiès;0.91
368;65;feminin;Santé;8;509.91;2;6486.83;2023-09-10 14:51:34.071344;Saint-Louis;1.4
369;79;masculin;Habitation;3;1387.85;1;8992.49;2022-03-31 14:51:34.071347;Kaolack;1.4
370;29;masculin;Habitation;8;1254.73;0;6235.05;2025-03-03 14:51:34.071349;Kaolack;1.19
371;22;feminin;Vie;1;661.07;0;1312.88;2021-09-30 14:51:34.071351;Kaolack;1.36
372;54;feminin;Habitation;5;359.54;1;3096.92;2025-08-10 14:51:34.071353;Kaolack;0.59
373;49;feminin;Habitation;4;1338.12;1;2017.95;2025-03-09 14:51:34.071355;Dakar;1.36
374;76;masculin;Santé;5;1503.34;0;9088.26;2023-08-07 14:51:34.071357;Dakar;0.82
375;72;feminin;Habitation;8;699.69;0;7604.0;2022-08-21 14:51:34.071359;Saint-Louis;0.68
376;26;feminin;Santé;10;1325.18;0;6763.98;2022-08-18 14:51:34.071364;Saint-Louis;0.74
377;58;feminin;Santé;4;850.75;2;3009.66;2022-09-13 14:51:34.071366;Kaolack;0.92
378;52;masculin;Santé;4;1455.09;0;1840.45;2022-11-05 14:51:34.071368;Thiès;0.75
379;36;masculin;Santé;3;478.51;0;7564.51;2025-02-11 14:51:34.071370;Kaolack;0.82
380;65;masculin;Auto;7;1791.41;0;4741.58;2024-01-21 14:51:34.071372;Saint-Louis;0.63
381;33;masculin;Vie;3;646.08;0;2257.9;2023-12-02 14:51:34.071374;Kaolack;0.8
382;20;masculin;Auto;3;798.79;0;6166.22;2024-05-02 14:51:34.071376;Saint-Louis;1.07
383;37;masculin;Habitation;10;210.37;1;403.34;2025-10-07 14:51:34.071378;Kaolack;0.94
384;41;masculin;Auto;5;311.87;0;3261.7;2025-09-19 14:51:34.071381;Thiès;0.85
385;71;masculin;Auto;5;1080.14;0;4685.57;2022-12-17 14:51:34.071383;Kaolack;1.25
386;73;feminin;Habitation;6;608.43;0;1479.58;2022-12-09 14:51:34.071385;Thiès;1.39
387;50;feminin;Habitation;8;1687.41;0;9846.54;2021-05-05 14:51:34.071387;Thiès;1.26
388;41;masculin;Habitation;10;127.92;1;2090.97;2021-05-31 14:51:34.071389;Saint-Louis;0.83
389;69;masculin;Auto;6;820.28;0;1303.53;2021-01-28 14:51:34.071391;Thiès;1.24
390;28;feminin;Auto;1;740.96;0;2035.35;2022-01-21 14:51:34.071393;Dakar;0.65
391;66;masculin;Habitation;8;136.72;1;7690.61;2021-10-01 14:51:34.071396;Dakar;0.63
392;25;masculin;Vie;8;336.3;0;4255.06;2024-06-21 14:51:34.071398;Dakar;0.85
393;53;masculin;Vie;9;885.92;0;5654.16;2024-03-08 14:51:34.071400;Saint-Louis;1.31
394;55;feminin;Santé;9;1036.44;2;210.09;2025-08-14 14:51:34.071402;Dakar;0.75
395;57;feminin;Habitation;2;868.15;3;344.31;2023-01-05 14:51:34.071404;Saint-Louis;0.56
396;37;feminin;Santé;2;1108.78;1;4458.26;2024-12-14 14:51:34.071406;Saint-Louis;0.63
397;79;feminin;Vie;3;1230.75;1;8166.55;2023-04-27 14:51:34.071408;Dakar;1.36
398;52;feminin;Santé;1;118.86;1;8852.39;2025-04-04 14:51:34.071410;Thiès;1.13
399;65;masculin;Habitation;4;981.78;1;867.07;2023-04-23 14:51:34.071412;Kaolack;0.75
400;79;feminin;Habitation;4;1930.65;0;5383.63;2023-08-30 14:51:34.071414;Saint-Louis;1.06
401;42;masculin;Habitation;9;1086.16;1;9132.3;2021-01-05 14:51:34.071417;Dakar;1.03
402;52;masculin;Auto;9;1387.33;1;3879.73;2022-03-14 14:51:34.071420;Saint-Louis;1.16
403;42;feminin;Santé;9;692.54;0;8295.66;2022-09-11 14:51:34.071423;Thiès;0.73
404;46;feminin;Vie;10;1570.58;1;1336.96;2024-01-03 14:51:34.071424;Thiès;1.36
405;35;masculin;Vie;7;1568.55;1;9353.94;2021-07-18 14:51:34.071427;Dakar;0.81
406;63;masculin;Vie;2;1090.46;0;7514.23;2025-05-12 14:51:34.071429;Saint-Louis;1.19
407;35;masculin;Auto;10;1954.43;0;9413.34;2025-08-05 14:51:34.071431;Kaolack;0.52
408;19;feminin;Auto;5;338.55;0;6766.17;2023-10-06 14:51:34.071433;Kaolack;0.87
409;71;feminin;Habitation;4;132.2;0;3634.04;2025-11-05 14:51:34.071435;Saint-Louis;0.85
410;52;feminin;Vie;8;1563.3;0;9381.81;2021-09-16 14:51:34.071437;Saint-Louis;1.04
411;33;feminin;Auto;2;1633.6;0;2755.67;2021-01-01 14:51:34.071439;Saint-Louis;0.57
412;78;feminin;Habitation;6;328.39;0;3321.73;2024-07-21 14:51:34.071441;Dakar;1.29
413;58;masculin;Vie;5;604.61;2;7008.08;2022-09-18 14:51:34.071443;Thiès;0.72
414;53;feminin;Santé;2;133.35;1;7653.16;2024-12-01 14:51:34.071445;Kaolack;1.18
415;50;masculin;Habitation;10;657.29;1;9294.03;2022-09-13 14:51:34.071448;Dakar;1.3
416;21;masculin;Auto;1;1568.97;1;2048.02;2024-09-29 14:51:34.071451;Saint-Louis;1.06
417;50;masculin;Auto;8;1084.13;1;7979.98;2024-11-15 14:51:34.071453;Saint-Louis;1.24
418;31;feminin;Habitation;2;761.38;1;7385.46;2022-07-28 14:51:34.071455;Thiès;1.16
419;38;feminin;Habitation;7;806.3;0;637.95;2022-02-02 14:51:34.071457;Saint-Louis;0.86
420;65;feminin;Auto;9;102.57;1;3872.23;2022-09-08 14:51:34.071460;Dakar;1.31
421;37;masculin;Santé;9;669.62;0;2827.65;2022-09-28 14:51:34.071462;Dakar;0.79
422;73;masculin;Vie;8;1328.27;1;3044.9;2024-04-05 14:51:34.071464;Thiès;1.07
423;25;masculin;Santé;10;1950.97;1;9829.47;2023-11-14 14:51:34.071466;Dakar;1.25
424;24;masculin;Habitation;9;1709.42;0;6427.77;2022-06-12 14:51:34.071468;Kaolack;0.88
425;20;masculin;Santé;2;144.83;0;7176.76;2022-07-02 14:51:34.071470;Dakar;0.8
426;34;masculin;Auto;6;1807.27;0;9766.18;2024-05-13 14:51:34.071472;Dakar;0.96
427;50;feminin;Habitation;4;1588.08;0;3772.02;2024-03-22 14:51:34.071475;Dakar;1.32
428;65;feminin;Vie;4;1582.71;0;8018.4;2023-07-18 14:51:34.071477;Kaolack;1.43
429;29;feminin;Auto;5;970.19;0;4345.31;2021-10-01 14:51:34.071479;Saint-Louis;1.05
430;76;feminin;Auto;3;856.21;2;8695.34;2025-11-25 14:51:34.071481;Dakar;1.16
431;68;masculin;Vie;1;675.54;0;1806.58;2023-04-21 14:51:34.071483;Thiès;1.4
432;39;masculin;Vie;8;224.82;0;9476.86;2022-11-01 14:51:34.071486;Kaolack;0.6
433;72;feminin;Santé;5;533.65;0;2187.72;2023-01-22 14:51:34.071487;Thiès;0.73
434;39;masculin;Habitation;3;568.55;1;3262.21;2021-06-25 14:51:34.071490;Dakar;1.21
435;63;feminin;Vie;10;1019.75;0;7561.92;2022-05-16 14:51:34.071491;Thiès;1.32
436;47;feminin;Vie;7;1520.14;0;3937.55;2023-05-02 14:51:34.071494;Dakar;1.36
437;55;feminin;Habitation;7;1000.24;0;6082.11;2022-04-26 14:51:34.071496;Kaolack;0.92
438;55;masculin;Vie;1;209.9;2;4445.74;2025-07-26 14:51:34.071498;Thiès;0.59
439;62;feminin;Vie;9;1919.8;0;7423.7;2025-06-19 14:51:34.071500;Thiès;0.94
440;68;feminin;Santé;2;1891.18;2;2283.31;2023-12-27 14:51:34.071502;Dakar;0.73
441;71;feminin;Auto;5;1591.86;0;584.58;2021-12-01 14:51:34.071504;Dakar;0.79
442;25;masculin;Auto;5;1983.52;0;2999.29;2021-03-23 14:51:34.071507;Saint-Louis;1.27
443;44;masculin;Auto;8;1134.52;0;4743.09;2022-12-26 14:51:34.071508;Dakar;0.58
444;44;feminin;Auto;8;1929.26;0;1680.2;2021-08-20 14:51:34.071511;Dakar;1.33
445;51;masculin;Vie;7;243.65;0;3547.97;2025-11-06 14:51:34.071512;Saint-Louis;0.93
446;38;masculin;Habitation;7;794.79;0;3999.83;2023-01-21 14:51:34.071515;Dakar;1.1
447;47;masculin;Habitation;6;528.22;0;573.92;2024-10-27 14:51:34.071517;Dakar;0.59
448;50;masculin;Santé;6;472.08;1;5833.07;2021-02-25 14:51:34.071519;Saint-Louis;0.84
449;45;masculin;Santé;9;367.53;0;8843.43;2023-10-02 14:51:34.071521;Kaolack;0.59
450;64;masculin;Vie;6;1282.59;0;1517.43;2022-10-15 14:51:34.071523;Kaolack;1.46
451;50;masculin;Habitation;2;1584.51;0;5978.08;2022-02-01 14:51:34.071525;Dakar;1.31
452;22;masculin;Habitation;2;1198.77;1;6647.39;2021-02-20 14:51:34.071527;Dakar;0.96
453;77;masculin;Auto;5;379.23;0;4193.35;2024-01-31 14:51:34.071529;Saint-Louis;0.72
454;78;masculin;Vie;4;1641.14;1;7010.98;2023-10-04 14:51:34.071531;Saint-Louis;1.43
455;65;feminin;Vie;2;1308.31;1;4107.32;2025-02-04 14:51:34.071533;Kaolack;0.84
456;36;feminin;Auto;3;837.51;0;5046.37;2024-01-13 14:51:34.071536;Thiès;0.66
457;21;masculin;Vie;7;1380.85;0;73.53;2021-12-06 14:51:34.071538;Dakar;1.06
458;52;feminin;Vie;8;593.82;0;6917.2;2023-12-09 14:51:34.071541;Thiès;1.44
459;66;feminin;Santé;6;755.87;2;6613.43;2021-01-04 14:51:34.071543;Thiès;0.5
460;34;masculin;Habitation;5;1843.22;0;384.01;2021-06-22 14:51:34.071546;Saint-Louis;0.74
461;61;masculin;Vie;1;651.96;2;3682.5;2023-07-14 14:51:34.071548;Dakar;1.44
462;45;masculin;Santé;8;992.98;0;9790.32;2021-05-25 14:51:34.071550;Dakar;0.67
463;47;feminin;Habitation;3;1791.27;0;4207.37;2021-03-26 14:51:34.071552;Saint-Louis;0.61
464;46;feminin;Auto;6;1444.67;1;5019.45;2022-09-17 14:51:34.071554;Thiès;1.07
465;63;masculin;Santé;3;218.19;0;9099.3;2025-08-27 14:51:34.071556;Saint-Louis;1.36
466;70;masculin;Santé;7;379.88;1;7172.62;2022-04-27 14:51:34.071558;Kaolack;0.98
467;23;masculin;Habitation;7;114.9;0;5820.7;2022-06-30 14:51:34.071560;Dakar;1.49
468;52;feminin;Auto;9;1298.75;0;7978.05;2021-02-27 14:51:34.071562;Kaolack;1.18
469;77;feminin;Santé;5;950.58;0;8643.66;2022-05-13 14:51:34.071564;Saint-Louis;0.57
470;58;feminin;Vie;8;355.12;0;4568.88;2023-11-19 14:51:34.071567;Dakar;1.49
471;54;feminin;Vie;10;1920.07;0;4751.08;2021-09-02 14:51:34.071569;Kaolack;0.91
472;41;masculin;Vie;10;1106.35;0;3860.51;2022-06-13 14:51:34.071571;Kaolack;0.79
473;46;masculin;Auto;8;559.6;0;9667.06;2022-08-05 14:51:34.071573;Thiès;1.06
474;66;masculin;Santé;1;1051.15;2;6971.66;2021-07-16 14:51:34.071575;Dakar;0.8
475;63;masculin;Vie;5;1391.28;0;832.23;2021-12-21 14:51:34.071577;Kaolack;0.59
476;70;feminin;Auto;3;244.85;0;8629.6;2021-09-16 14:51:34.071579;Kaolack;0.5
477;48;feminin;Vie;1;621.94;0;4805.6;2022-03-26 14:51:34.071581;Thiès;0.95
478;52;masculin;Habitation;4;1633.23;0;687.54;2024-03-09 14:51:34.071583;Kaolack;1.34
479;77;masculin;Santé;8;973.36;1;5497.17;2024-11-26 14:51:34.071585;Kaolack;1.07
480;50;feminin;Santé;3;1138.5;0;4171.64;2025-09-06 14:51:34.071588;Kaolack;1.5
481;69;masculin;Auto;10;922.35;0;8777.49;2025-12-28 14:51:34.071590;Thiès;0.79
482;78;feminin;Auto;2;183.41;1;2039.95;2023-11-05 14:51:34.071592;Kaolack;0.78
483;38;masculin;Santé;9;414.92;1;8264.65;2021-06-04 14:51:34.071594;Kaolack;0.66
484;49;masculin;Vie;10;946.53;2;5576.89;2025-12-09 14:51:34.071596;Dakar;0.66
485;40;masculin;Vie;5;497.45;0;546.1;2025-11-14 14:51:34.071598;Dakar;0.79
486;50;masculin;Habitation;7;194.96;0;9718.45;2022-10-16 14:51:34.071600;Thiès;1.29
487;20;masculin;Vie;2;1702.93;0;5126.15;2021-09-01 14:51:34.071602;Saint-Louis;1.41
488;35;masculin;Auto;9;1964.27;1;2908.77;2025-12-11 14:51:34.071604;Dakar;1.48
489;42;masculin;Auto;9;1606.97;1;4694.07;2025-10-05 14:51:34.071606;Thiès;0.73
490;59;feminin;Vie;4;1722.19;0;8578.58;2022-10-31 14:51:34.071608;Kaolack;1.38
491;48;feminin;Auto;4;559.76;0;3049.03;2024-07-18 14:51:34.071611;Kaolack;0.83
492;71;feminin;Santé;6;1925.19;1;1926.76;2023-06-11 14:51:34.071613;Thiès;0.61
493;75;feminin;Santé;10;474.16;1;1290.71;2022-06-03 14:51:34.071615;Kaolack;1.37
494;20;feminin;Vie;10;1907.72;0;2978.59;2021-12-07 14:51:34.071617;Kaolack;1.14
495;57;masculin;Santé;10;1990.16;1;7800.48;2024-01-29 14:51:34.071619;Saint-Louis;0.66
496;63;masculin;Santé;6;1452.27;3;4716.26;2023-08-23 14:51:34.071621;Kaolack;0.93
497;41;feminin;Habitation;1;1964.17;0;2274.82;2025-04-29 14:51:34.071623;Dakar;0.79
498;67;masculin;Habitation;9;1182.13;1;1661.85;2023-02-08 14:51:34.071625;Kaolack;1.24
499;49;feminin;Santé;2;593.13;0;3327.29;2021-12-03 14:51:34.071627;Thiès;0.95
500;64;feminin;Vie;5;930.29;1;9399.24;2023-03-11 14:51:34.071629;Saint-Louis;1.49
501;39;masculin;Habitation;9;1227.77;0;3430.27;2021-02-20 14:51:34.071631;Kaolack;0.55
502;40;masculin;Auto;4;238.85;0;9881.24;2021-01-18 14:51:34.071633;Thiès;0.86
503;19;masculin;Auto;3;1282.45;0;4852.3;2023-01-29 14:51:34.071635;Dakar;0.98
504;44;feminin;Auto;7;1964.24;1;1791.64;2021-07-14 14:51:34.071637;Kaolack;1.0
505;59;masculin;Vie;6;461.2;2;8911.4;2022-12-24 14:51:34.071640;Saint-Louis;0.82
506;19;feminin;Santé;8;1605.93;0;4603.55;2025-11-19 14:51:34.071642;Kaolack;1.23
507;43;feminin;Auto;3;1825.01;1;7096.71;2023-08-06 14:51:34.071645;Thiès;1.37
508;34;feminin;Vie;5;1893.03;1;9837.12;2024-07-15 14:51:34.071647;Saint-Louis;1.44
509;57;masculin;Habitation;10;1924.26;2;501.75;2021-11-20 14:51:34.071649;Kaolack;1.31
510;50;masculin;Santé;4;1090.77;0;966.95;2023-03-31 14:51:34.071651;Dakar;1.35
511;26;feminin;Habitation;4;1956.89;1;7204.57;2022-12-17 14:51:34.071653;Saint-Louis;1.05
512;60;masculin;Vie;4;1538.89;1;2818.25;2023-05-13 14:51:34.071656;Dakar;1.33
513;71;masculin;Auto;10;407.18;0;1843.01;2022-02-07 14:51:34.071658;Thiès;0.8
514;65;masculin;Auto;8;1006.11;2;393.62;2022-09-15 14:51:34.071660;Kaolack;0.9
515;56;feminin;Vie;6;1464.83;0;218.47;2021-02-25 14:51:34.071662;Dakar;0.82
516;46;feminin;Auto;3;569.95;1;7744.86;2022-12-06 14:51:34.071664;Thiès;0.97
517;59;masculin;Santé;10;1317.17;0;1344.33;2025-08-10 14:51:34.071666;Kaolack;0.79
518;72;feminin;Vie;5;1366.54;1;4677.21;2025-09-07 14:51:34.071668;Thiès;1.46
519;43;masculin;Habitation;6;409.13;0;6058.97;2021-06-16 14:51:34.071671;Dakar;0.81
520;52;masculin;Vie;5;1173.66;0;4283.52;2025-04-22 14:51:34.071673;Thiès;0.6
521;67;masculin;Santé;6;1566.09;1;271.07;2021-05-18 14:51:34.071675;Saint-Louis;1.03
522;42;masculin;Santé;8;1047.9;1;7835.02;2023-01-30 14:51:34.071677;Kaolack;0.56
523;41;feminin;Vie;7;123.0;1;105.13;2025-03-18 14:51:34.071679;Thiès;0.61
524;30;feminin;Vie;5;117.17;0;7618.9;2025-12-28 14:51:34.071681;Dakar;0.72
525;77;feminin;Auto;10;778.36;0;8933.04;2023-01-18 14:51:34.071683;Kaolack;0.96
526;75;masculin;Santé;6;1859.77;0;4328.4;2022-03-04 14:51:34.071685;Saint-Louis;0.93
527;24;masculin;Vie;4;534.49;0;5355.42;2025-11-11 14:51:34.071687;Kaolack;1.3
528;74;masculin;Vie;9;1305.29;1;4769.83;2022-11-12 14:51:34.071689;Saint-Louis;1.24
529;53;feminin;Santé;4;521.94;1;3892.09;2020-12-30 14:51:34.071692;Kaolack;0.93
530;62;masculin;Vie;1;711.17;0;8874.25;2022-03-27 14:51:34.071694;Thiès;0.83
531;37;feminin;Auto;7;1711.28;1;8939.34;2021-11-07 14:51:34.071696;Thiès;0.82
532;18;feminin;Santé;7;1484.84;0;3358.16;2022-01-09 14:51:34.071698;Dakar;1.27
533;25;feminin;Auto;4;281.26;0;6150.7;2023-08-10 14:51:34.071700;Saint-Louis;0.55
534;63;feminin;Auto;3;914.53;0;9269.08;2023-11-21 14:51:34.071702;Dakar;0.51
535;33;feminin;Auto;8;155.42;0;9620.58;2024-07-18 14:51:34.071705;Thiès;1.3
536;31;feminin;Auto;5;1013.69;0;5089.59;2024-10-20 14:51:34.071707;Saint-Louis;0.98
537;29;masculin;Santé;10;1358.62;1;4528.25;2021-11-12 14:51:34.071709;Dakar;0.63
538;68;masculin;Auto;7;325.15;0;2786.94;2024-04-13 14:51:34.071711;Dakar;0.74
539;40;feminin;Auto;4;648.88;0;9588.72;2022-04-21 14:51:34.071713;Dakar;1.43
540;32;feminin;Vie;4;855.89;0;1428.14;2023-01-07 14:51:34.071715;Dakar;1.36
541;45;masculin;Santé;8;1847.11;2;5798.3;2021-07-25 14:51:34.071717;Dakar;1.21
542;51;feminin;Santé;8;1987.18;1;2825.5;2024-01-03 14:51:34.071719;Saint-Louis;0.98
543;19;feminin;Habitation;2;185.33;0;2790.08;2024-02-18 14:51:34.071721;Dakar;1.02
544;49;masculin;Santé;2;1545.92;0;4049.69;2022-11-21 14:51:34.071723;Saint-Louis;1.48
545;40;feminin;Santé;3;806.28;0;9987.93;2025-08-06 14:51:34.071725;Dakar;1.47
546;39;feminin;Habitation;3;845.67;0;549.66;2024-12-26 14:51:34.071727;Thiès;0.72
547;68;feminin;Santé;1;1533.1;0;5785.42;2022-07-02 14:51:34.071732;Thiès;1.31
548;42;masculin;Santé;3;1845.01;0;825.72;2025-01-30 14:51:34.071734;Dakar;0.7
549;75;masculin;Santé;6;1906.76;1;1545.21;2025-11-20 14:51:34.071736;Kaolack;0.71
550;79;masculin;Santé;8;1196.53;0;4395.63;2025-12-19 14:51:34.071738;Thiès;1.18
551;78;feminin;Habitation;10;778.53;1;5104.6;2024-12-05 14:51:34.071740;Saint-Louis;0.91
552;39;feminin;Santé;6;1596.34;0;2587.92;2021-06-01 14:51:34.071743;Dakar;1.43
553;75;masculin;Santé;5;576.9;2;3164.57;2022-10-01 14:51:34.071746;Saint-Louis;0.59
554;75;feminin;Habitation;4;1171.74;1;869.67;2023-03-25 14:51:34.071748;Kaolack;1.01
555;39;feminin;Vie;3;781.3;1;3032.2;2022-06-17 14:51:34.071750;Dakar;1.42
556;66;feminin;Auto;4;1347.6;0;9665.58;2024-06-07 14:51:34.071752;Thiès;1.4
557;69;feminin;Vie;7;556.76;0;9447.07;2022-08-18 14:51:34.071754;Saint-Louis;0.66
558;59;feminin;Habitation;1;464.03;0;3348.78;2022-02-19 14:51:34.071756;Thiès;0.87
559;23;masculin;Auto;7;1844.65;1;5708.54;2024-08-27 14:51:34.071758;Thiès;1.12
560;32;feminin;Habitation;1;293.43;0;9095.95;2021-11-06 14:51:34.071760;Dakar;0.66
561;71;masculin;Habitation;2;1061.32;0;61.84;2022-11-15 14:51:34.071762;Saint-Louis;1.47
562;60;feminin;Santé;4;519.62;1;8106.84;2023-03-17 14:51:34.071764;Kaolack;1.41
563;77;masculin;Auto;1;173.97;1;9483.7;2025-02-22 14:51:34.071766;Thiès;0.67
564;54;feminin;Santé;9;168.44;0;913.26;2025-07-06 14:51:34.071768;Dakar;0.62
565;50;masculin;Auto;6;432.92;0;1614.48;2021-12-14 14:51:34.071770;Dakar;0.59
566;25;feminin;Habitation;1;1746.86;0;9607.46;2022-09-20 14:51:34.071773;Kaolack;1.41
567;70;masculin;Habitation;1;636.71;2;5375.4;2023-08-28 14:51:34.071775;Dakar;0.69
568;77;feminin;Vie;6;1905.87;0;141.97;2022-07-05 14:51:34.071777;Thiès;0.92
569;61;masculin;Auto;4;1205.08;0;2576.32;2021-06-22 14:51:34.071779;Dakar;0.95
570;61;feminin;Santé;4;929.57;1;4499.44;2023-03-04 14:51:34.071781;Saint-Louis;1.1
571;22;masculin;Vie;6;1202.17;0;6929.09;2025-12-24 14:51:34.071783;Saint-Louis;0.57
572;56;masculin;Vie;7;1081.73;0;7331.6;2021-01-26 14:51:34.071785;Thiès;0.73
573;21;feminin;Vie;9;1541.67;1;9954.22;2022-06-24 14:51:34.071787;Saint-Louis;1.43
574;23;feminin;Santé;10;636.74;0;2875.11;2022-01-18 14:51:34.071789;Kaolack;1.41
575;62;masculin;Vie;5;770.8;0;5382.2;2025-11-15 14:51:34.071791;Dakar;1.28
576;49;feminin;Santé;9;1798.78;0;5333.24;2021-05-27 14:51:34.071793;Thiès;0.52
577;69;masculin;Vie;4;1898.27;2;4056.45;2021-06-01 14:51:34.071795;Kaolack;0.83
578;47;masculin;Santé;10;1795.86;0;1691.62;2023-12-15 14:51:34.071798;Dakar;1.13
579;64;masculin;Habitation;2;896.95;0;9774.57;2022-04-15 14:51:34.071800;Kaolack;0.78
580;52;feminin;Habitation;3;1582.69;0;8533.17;2024-01-26 14:51:34.071802;Thiès;1.41
581;72;masculin;Habitation;1;1005.04;0;4983.33;2025-05-05 14:51:34.071804;Thiès;1.13
582;57;masculin;Habitation;6;1045.33;1;6032.45;2025-07-24 14:51:34.071806;Kaolack;0.57
583;69;feminin;Habitation;6;488.89;0;2272.61;2021-10-16 14:51:34.071808;Dakar;1.41
584;33;feminin;Vie;1;1223.15;0;5437.87;2021-12-21 14:51:34.071810;Saint-Louis;1.46
585;30;feminin;Vie;3;453.66;0;6949.7;2025-01-30 14:51:34.071812;Saint-Louis;0.58
586;67;feminin;Vie;5;729.97;0;5151.67;2022-01-26 14:51:34.071814;Kaolack;1.03
587;77;masculin;Santé;3;1724.56;0;9902.85;2025-05-22 14:51:34.071816;Thiès;0.8
588;59;masculin;Santé;10;493.44;1;6113.42;2021-03-14 14:51:34.071819;Dakar;0.89
589;47;masculin;Santé;3;235.2;0;3709.74;2021-11-30 14:51:34.071820;Dakar;0.68
590;36;masculin;Santé;10;231.11;2;7721.52;2022-01-31 14:51:34.071823;Thiès;1.08
591;34;feminin;Habitation;3;1887.49;1;1704.63;2023-03-27 14:51:34.071825;Saint-Louis;1.46
592;73;masculin;Habitation;5;1063.15;0;3845.16;2023-04-24 14:51:34.071827;Dakar;1.0
593;36;masculin;Habitation;5;877.88;0;3469.59;2022-03-26 14:51:34.071829;Kaolack;0.58
594;45;feminin;Auto;4;1640.67;1;4318.07;2024-12-09 14:51:34.071833;Saint-Louis;1.12
595;75;masculin;Vie;1;1688.07;0;7817.8;2023-10-16 14:51:34.071835;Kaolack;0.84
596;72;masculin;Santé;5;731.16;0;4841.73;2024-07-20 14:51:34.071837;Saint-Louis;1.36
597;43;masculin;Santé;10;1417.87;1;7940.14;2022-07-29 14:51:34.071840;Thiès;0.93
598;54;masculin;Habitation;5;1565.13;0;5764.89;2022-01-22 14:51:34.071841;Kaolack;0.69
599;43;masculin;Santé;4;1343.84;1;3420.69;2025-10-04 14:51:34.071844;Kaolack;0.69
600;70;masculin;Santé;6;388.03;2;8099.79;2021-05-17 14:51:34.071846;Thiès;1.27
601;79;feminin;Vie;10;1764.18;1;2382.9;2023-03-15 14:51:34.071847;Kaolack;0.77
602;40;feminin;Habitation;4;1124.28;0;2243.83;2023-07-07 14:51:34.071850;Saint-Louis;1.27
603;26;masculin;Vie;7;636.7;0;5045.03;2024-11-09 14:51:34.071851;Dakar;0.71
604;29;masculin;Auto;7;907.93;0;2608.49;2024-10-27 14:51:34.071854;Dakar;0.82
605;70;feminin;Auto;2;171.39;0;90.87;2025-12-26 14:51:34.071856;Thiès;0.97
606;18;masculin;Auto;3;342.95;1;6482.98;2025-06-27 14:51:34.071858;Saint-Louis;1.44
607;75;masculin;Habitation;1;1554.54;0;5110.94;2025-08-28 14:51:34.071860;Kaolack;1.43
608;75;masculin;Santé;8;100.02;0;4455.18;2023-08-19 14:51:34.071862;Kaolack;0.71
609;18;feminin;Habitation;9;891.48;1;9669.69;2022-05-12 14:51:34.071864;Dakar;0.86
610;64;masculin;Habitation;4;1092.77;0;5711.99;2022-07-31 14:51:34.071866;Kaolack;0.65
611;51;feminin;Santé;6;203.81;0;8634.32;2023-05-21 14:51:34.071868;Dakar;1.01
612;49;masculin;Vie;9;1948.85;0;1394.5;2025-02-14 14:51:34.071871;Thiès;0.96
613;79;feminin;Auto;6;529.64;0;5692.06;2023-03-20 14:51:34.071872;Kaolack;1.4
614;71;feminin;Vie;9;677.98;0;8679.8;2021-12-11 14:51:34.071875;Saint-Louis;1.43
615;65;masculin;Auto;4;677.49;0;5831.06;2022-03-07 14:51:34.071877;Kaolack;0.88
616;42;feminin;Habitation;8;537.79;0;7180.14;2024-12-06 14:51:34.071879;Dakar;0.99
617;57;masculin;Auto;9;102.8;0;3720.44;2025-03-05 14:51:34.071881;Thiès;1.4
618;62;feminin;Habitation;4;1485.76;0;924.5;2023-10-03 14:51:34.071883;Dakar;1.31
619;70;masculin;Vie;5;1937.01;1;4579.0;2022-03-30 14:51:34.071885;Kaolack;0.5
620;18;masculin;Habitation;8;526.16;0;3944.79;2021-03-22 14:51:34.071887;Dakar;0.82
621;33;feminin;Vie;10;1359.79;0;8670.6;2023-07-18 14:51:34.071889;Dakar;0.92
622;78;masculin;Santé;6;1509.6;1;2439.95;2021-09-09 14:51:34.071891;Thiès;0.73
623;56;masculin;Santé;7;1712.01;0;9667.34;2021-02-11 14:51:34.071893;Saint-Louis;0.7
624;22;feminin;Santé;3;903.0;1;9581.38;2021-04-14 14:51:34.071895;Kaolack;0.54
625;39;masculin;Habitation;7;675.57;1;2476.32;2023-07-13 14:51:34.071897;Thiès;1.14
626;46;masculin;Santé;8;718.06;1;3480.52;2023-04-23 14:51:34.071899;Saint-Louis;0.76
627;72;feminin;Auto;10;1453.98;1;8955.56;2024-12-21 14:51:34.071901;Dakar;0.55
628;20;feminin;Vie;6;1651.88;0;9666.22;2022-03-26 14:51:34.071903;Saint-Louis;0.73
629;29;masculin;Vie;10;445.07;1;4434.39;2021-07-18 14:51:34.071906;Dakar;1.3
630;43;masculin;Auto;9;804.79;0;3209.97;2023-11-27 14:51:34.071907;Dakar;1.35
631;33;feminin;Habitation;6;1813.69;1;5260.94;2024-07-17 14:51:34.071909;Thiès;0.98
632;68;feminin;Habitation;9;1632.72;0;6877.69;2022-12-07 14:51:34.071914;Dakar;0.92
633;54;masculin;Vie;4;1971.23;0;2734.75;2023-02-05 14:51:34.071917;Thiès;1.48
634;39;feminin;Santé;8;1533.07;1;7364.73;2023-03-04 14:51:34.071918;Saint-Louis;0.7
635;74;masculin;Habitation;4;847.07;0;516.57;2025-03-10 14:51:34.071921;Saint-Louis;0.72
636;46;masculin;Habitation;2;1222.21;1;492.94;2024-01-01 14:51:34.071923;Dakar;0.79
637;31;masculin;Auto;10;1355.93;1;3862.88;2022-12-04 14:51:34.071925;Thiès;0.67
638;45;masculin;Auto;9;249.07;0;3534.73;2022-11-04 14:51:34.071927;Dakar;0.88
639;22;masculin;Santé;5;1134.54;1;3156.33;2024-11-07 14:51:34.071929;Thiès;1.41
640;64;feminin;Habitation;4;1447.71;0;4910.2;2024-03-13 14:51:34.071931;Thiès;1.12
641;66;feminin;Habitation;2;417.91;0;3207.34;2023-01-29 14:51:34.071933;Thiès;0.91
642;47;feminin;Auto;1;1583.2;1;1922.58;2021-01-24 14:51:34.071935;Saint-Louis;1.43
643;63;feminin;Habitation;7;1209.17;0;3094.7;2022-06-09 14:51:34.071937;Thiès;0.55
644;79;masculin;Vie;6;1909.22;0;9749.04;2024-08-02 14:51:34.071939;Saint-Louis;0.71
645;69;masculin;Auto;2;180.6;0;4111.13;2025-08-10 14:51:34.071941;Thiès;1.07
646;22;masculin;Santé;8;604.12;0;4447.13;2022-06-14 14:51:34.071943;Saint-Louis;1.12
647;29;masculin;Auto;4;1242.95;2;5765.45;2023-07-23 14:51:34.071945;Kaolack;0.54
648;33;feminin;Habitation;8;663.46;0;9833.41;2023-09-26 14:51:34.071947;Saint-Louis;0.9
649;43;masculin;Santé;7;1457.41;0;2416.01;2025-09-01 14:51:34.071949;Saint-Louis;1.15
650;43;masculin;Auto;5;1542.11;0;6812.82;2024-06-22 14:51:34.071951;Dakar;1.2
651;65;feminin;Vie;10;294.78;1;7159.85;2021-05-24 14:51:34.071953;Thiès;1.14
652;38;feminin;Vie;10;1076.32;0;6073.24;2023-01-03 14:51:34.071955;Kaolack;0.82
653;56;feminin;Auto;8;1066.89;1;885.78;2024-12-01 14:51:34.071957;Dakar;0.59
654;53;feminin;Vie;9;801.63;1;6768.72;2021-04-30 14:51:34.071959;Thiès;0.93
655;50;masculin;Vie;5;1872.56;2;640.95;2021-11-09 14:51:34.071961;Kaolack;0.63
656;79;masculin;Vie;10;1672.26;1;5961.43;2022-12-17 14:51:34.071963;Kaolack;1.45
657;47;feminin;Santé;5;1424.7;0;7395.81;2021-02-20 14:51:34.071965;Kaolack;0.98
658;54;masculin;Vie;2;1457.22;0;2109.7;2024-07-13 14:51:34.071968;Thiès;0.82
659;40;masculin;Vie;5;977.26;0;8416.22;2024-10-27 14:51:34.071970;Kaolack;1.27
660;75;masculin;Vie;3;1849.89;0;303.54;2021-01-03 14:51:34.071972;Kaolack;1.0
661;27;feminin;Santé;7;1419.73;0;8438.13;2021-04-05 14:51:34.071974;Dakar;0.81
662;71;masculin;Auto;10;1485.06;0;4603.29;2025-06-08 14:51:34.071976;Saint-Louis;1.31
663;22;feminin;Habitation;5;1737.21;0;2175.88;2023-02-08 14:51:34.071978;Thiès;1.37
664;53;masculin;Vie;8;620.74;0;1337.78;2021-05-30 14:51:34.071980;Saint-Louis;1.17
665;51;masculin;Auto;1;1633.43;1;9533.07;2025-06-24 14:51:34.071982;Dakar;0.55
666;69;masculin;Vie;3;470.96;0;726.66;2023-03-04 14:51:34.071984;Saint-Louis;1.07
667;48;feminin;Santé;3;756.15;0;1990.93;2025-03-17 14:51:34.071986;Kaolack;1.26
668;27;masculin;Auto;9;737.66;0;3478.22;2022-08-13 14:51:34.071989;Kaolack;0.64
669;75;feminin;Santé;5;1959.2;1;6202.35;2022-03-03 14:51:34.071990;Thiès;0.73
670;36;feminin;Vie;9;1727.42;0;5448.01;2024-07-18 14:51:34.071993;Thiès;1.38
671;75;feminin;Vie;9;1432.22;1;1256.43;2025-07-04 14:51:34.071995;Thiès;0.52
672;49;masculin;Santé;1;1481.41;0;2897.28;2022-07-10 14:51:34.071997;Dakar;1.25
673;18;masculin;Habitation;2;1167.94;0;2387.52;2021-02-27 14:51:34.071998;Thiès;0.97
674;73;masculin;Santé;5;1899.47;1;2135.43;2024-10-18 14:51:34.072001;Dakar;0.95
675;22;masculin;Vie;4;1042.89;0;4111.44;2022-11-05 14:51:34.072003;Kaolack;0.51
676;62;feminin;Santé;10;822.98;0;7040.31;2023-03-17 14:51:34.072005;Saint-Louis;1.32
677;21;feminin;Habitation;9;409.77;0;2174.53;2025-02-22 14:51:34.072007;Kaolack;0.86
678;33;feminin;Santé;7;1593.79;0;3666.79;2022-07-04 14:51:34.072009;Kaolack;1.04
679;41;masculin;Habitation;6;1495.44;0;3909.17;2023-01-10 14:51:34.072011;Kaolack;1.18
680;33;feminin;Habitation;7;830.27;0;9764.57;2025-04-20 14:51:34.072013;Thiès;1.2
681;72;masculin;Santé;1;147.87;2;9546.66;2025-08-19 14:51:34.072015;Thiès;1.46
682;19;feminin;Santé;1;1694.09;1;8001.38;2022-11-01 14:51:34.072017;Thiès;1.03
683;66;masculin;Auto;8;121.69;0;2416.59;2022-10-01 14:51:34.072019;Saint-Louis;0.9
684;45;masculin;Vie;2;1437.03;1;680.37;2024-12-16 14:51:34.072021;Thiès;1.45
685;49;feminin;Habitation;10;1943.49;1;3169.04;2025-10-01 14:51:34.072024;Dakar;1.14
686;44;feminin;Auto;9;931.56;1;2667.95;2022-05-08 14:51:34.072026;Kaolack;0.8
687;37;feminin;Santé;7;546.45;2;5059.26;2021-02-07 14:51:34.072028;Saint-Louis;0.63
688;41;feminin;Vie;6;1439.25;1;7777.28;2021-05-01 14:51:34.072030;Saint-Louis;1.34
689;29;masculin;Auto;1;1652.54;0;8583.23;2021-02-19 14:51:34.072032;Saint-Louis;0.86
690;67;feminin;Habitation;1;1138.22;0;8448.64;2022-09-22 14:51:34.072034;Saint-Louis;1.16
691;52;feminin;Auto;2;1937.37;0;3596.76;2025-02-22 14:51:34.072036;Saint-Louis;0.97
692;77;feminin;Habitation;6;198.17;2;6872.34;2021-08-17 14:51:34.072038;Dakar;0.7
693;50;masculin;Santé;6;1059.11;2;3128.34;2024-04-18 14:51:34.072040;Kaolack;1.1
694;50;masculin;Vie;2;1465.06;1;609.06;2025-04-06 14:51:34.072042;Saint-Louis;0.56
695;78;feminin;Vie;1;1739.02;1;7015.65;2025-06-08 14:51:34.072044;Kaolack;0.91
696;68;masculin;Vie;10;440.59;0;98.28;2021-04-22 14:51:34.072046;Thiès;1.05
697;60;feminin;Santé;5;1620.01;0;4091.83;2025-02-12 14:51:34.072048;Saint-Louis;0.94
698;54;masculin;Habitation;5;1150.14;1;3293.79;2022-07-20 14:51:34.072050;Saint-Louis;1.25
699;29;masculin;Santé;2;853.45;0;6933.78;2022-04-04 14:51:34.072052;Kaolack;1.33
700;20;masculin;Vie;6;350.26;0;7662.45;2023-12-22 14:51:34.072054;Saint-Louis;1.27
701;18;masculin;Santé;9;1744.06;1;3040.95;2021-04-21 14:51:34.072056;Saint-Louis;0.54
702;50;feminin;Santé;2;398.82;0;8116.27;2022-11-28 14:51:34.072058;Saint-Louis;0.69
703;57;feminin;Santé;10;688.6;0;2939.17;2025-06-15 14:51:34.072060;Dakar;1.04
704;27;feminin;Habitation;2;651.09;0;4463.26;2025-08-26 14:51:34.072062;Dakar;1.43
705;60;masculin;Auto;3;1755.69;2;7270.19;2025-06-08 14:51:34.072064;Saint-Louis;1.33
706;61;feminin;Auto;7;1378.14;0;6929.2;2025-08-10 14:51:34.072067;Dakar;1.34
707;46;feminin;Santé;6;1613.69;1;9873.68;2023-03-05 14:51:34.072069;Thiès;0.8
708;30;feminin;Auto;8;575.89;1;2251.61;2021-08-28 14:51:34.072071;Saint-Louis;0.93
709;29;masculin;Auto;8;1287.26;1;6623.18;2025-07-27 14:51:34.072073;Thiès;0.97
710;48;masculin;Santé;6;1186.32;0;6096.82;2025-09-18 14:51:34.072075;Kaolack;0.66
711;63;masculin;Santé;10;1682.38;1;9150.98;2025-10-02 14:51:34.072077;Thiès;0.53
712;19;feminin;Vie;3;1821.57;0;1563.62;2023-12-28 14:51:34.072079;Kaolack;1.45
713;78;feminin;Auto;3;123.1;0;7517.98;2023-03-08 14:51:34.072081;Saint-Louis;0.74
714;68;feminin;Habitation;1;1380.64;1;5682.69;2022-05-26 14:51:34.072083;Kaolack;0.74
715;67;masculin;Santé;7;198.49;0;2746.66;2025-09-20 14:51:34.072085;Kaolack;0.58
716;52;masculin;Vie;5;1142.83;0;4744.35;2021-03-30 14:51:34.072088;Thiès;1.43
717;40;feminin;Habitation;4;646.5;0;3337.77;2025-10-29 14:51:34.072090;Thiès;1.08
718;34;masculin;Auto;10;682.88;1;5793.13;2021-05-17 14:51:34.072093;Thiès;1.17
719;43;masculin;Vie;4;770.62;0;8890.01;2024-10-04 14:51:34.072095;Saint-Louis;1.41
720;25;masculin;Santé;4;1280.46;1;5693.05;2023-01-05 14:51:34.072097;Saint-Louis;0.85
721;46;masculin;Habitation;6;734.69;0;6317.22;2024-05-19 14:51:34.072099;Thiès;1.12
722;43;feminin;Santé;8;1492.13;0;5187.48;2025-10-04 14:51:34.072101;Saint-Louis;0.54
723;27;masculin;Auto;8;868.6;0;511.66;2024-12-31 14:51:34.072103;Saint-Louis;0.69
724;43;masculin;Habitation;5;229.87;0;2328.59;2023-12-24 14:51:34.072105;Kaolack;1.33
725;79;masculin;Auto;6;1589.14;0;4920.02;2025-03-11 14:51:34.072107;Kaolack;1.27
726;51;masculin;Auto;4;642.94;0;3102.35;2021-12-10 14:51:34.072109;Thiès;0.85
727;68;feminin;Vie;9;922.26;0;1817.64;2023-12-18 14:51:34.072111;Saint-Louis;0.88
728;58;feminin;Santé;8;1402.34;0;5041.33;2022-12-05 14:51:34.072113;Kaolack;1.03
729;24;masculin;Habitation;10;731.67;0;3228.1;2022-05-07 14:51:34.072115;Dakar;0.5
730;21;masculin;Auto;10;207.51;0;2581.08;2025-02-19 14:51:34.072117;Saint-Louis;0.74
731;75;masculin;Auto;1;810.45;1;4639.85;2023-06-12 14:51:34.072119;Dakar;0.71
732;70;masculin;Habitation;2;1894.45;0;1332.84;2023-06-21 14:51:34.072121;Thiès;0.75
733;67;masculin;Auto;9;1319.3;0;9277.46;2025-02-04 14:51:34.072123;Saint-Louis;1.31
734;62;masculin;Vie;8;1375.81;0;8677.02;2024-07-23 14:51:34.072125;Thiès;0.78
735;28;feminin;Vie;3;1301.34;0;7076.21;2023-11-08 14:51:34.072127;Thiès;0.69
736;46;masculin;Vie;8;478.09;0;1062.14;2024-10-11 14:51:34.072129;Thiès;1.0
737;73;feminin;Vie;1;894.83;1;7758.77;2021-06-29 14:51:34.072131;Thiès;1.37
738;53;feminin;Auto;10;1526.79;1;8079.57;2021-03-18 14:51:34.072133;Thiès;0.74
739;42;masculin;Habitation;4;292.61;0;7677.65;2025-12-20 14:51:34.072135;Saint-Louis;0.58
740;38;feminin;Habitation;3;627.92;0;1139.66;2021-10-06 14:51:34.072138;Dakar;0.86
741;78;feminin;Habitation;6;625.01;0;6439.08;2025-03-20 14:51:34.072140;Saint-Louis;1.25
742;74;feminin;Habitation;7;920.84;0;8343.25;2023-06-19 14:51:34.072142;Saint-Louis;1.05
743;53;feminin;Santé;4;1962.7;1;5773.53;2021-06-24 14:51:34.072144;Saint-Louis;1.32
744;27;feminin;Habitation;7;228.25;2;6464.07;2025-08-13 14:51:34.072146;Kaolack;1.46
745;54;feminin;Santé;9;1085.53;0;4583.63;2023-05-02 14:51:34.072149;Kaolack;1.29
746;26;masculin;Santé;2;440.79;0;5287.07;2022-08-25 14:51:34.072150;Saint-Louis;1.1
747;41;feminin;Vie;3;1944.29;0;343.77;2025-02-12 14:51:34.072153;Dakar;0.99
748;52;feminin;Santé;5;315.28;0;6389.63;2021-03-21 14:51:34.072155;Saint-Louis;0.54
749;66;feminin;Auto;3;866.84;0;814.47;2024-11-25 14:51:34.072157;Thiès;1.48
750;52;masculin;Santé;8;1501.98;0;4350.15;2021-04-01 14:51:34.072159;Kaolack;0.88
751;65;feminin;Vie;10;1438.65;0;2926.55;2021-01-16 14:51:34.072161;Kaolack;0.65
752;53;masculin;Santé;8;903.18;3;5454.28;2022-05-26 14:51:34.072163;Saint-Louis;1.17
753;35;feminin;Auto;8;758.4;0;1334.16;2024-10-23 14:51:34.072165;Saint-Louis;0.78
754;66;masculin;Auto;9;855.46;0;6916.43;2022-08-01 14:51:34.072167;Dakar;1.09
755;56;masculin;Auto;4;602.12;0;7950.12;2021-07-08 14:51:34.072169;Dakar;1.09
756;49;feminin;Vie;5;490.13;0;1633.54;2025-03-05 14:51:34.072171;Thiès;0.95
757;41;feminin;Vie;5;1017.78;1;1043.13;2024-12-16 14:51:34.072173;Saint-Louis;1.34
758;40;masculin;Habitation;8;610.21;0;1455.15;2023-05-21 14:51:34.072175;Saint-Louis;0.76
759;79;feminin;Vie;7;646.18;0;8771.28;2022-09-07 14:51:34.072177;Saint-Louis;0.95
760;49;masculin;Auto;9;1347.84;0;5281.89;2025-09-04 14:51:34.072180;Kaolack;1.04
761;54;masculin;Auto;8;1940.22;0;4672.61;2024-08-29 14:51:34.072182;Thiès;1.16
762;29;masculin;Vie;2;1246.91;0;1067.12;2021-08-02 14:51:34.072188;Dakar;1.28
763;66;masculin;Santé;10;246.26;0;6495.56;2023-09-02 14:51:34.072191;Kaolack;0.89
764;72;masculin;Vie;4;243.61;0;8680.0;2025-05-25 14:51:34.072192;Kaolack;1.15
765;30;feminin;Vie;6;1907.7;1;8281.86;2022-04-09 14:51:34.072194;Kaolack;0.65
766;40;masculin;Auto;2;664.85;1;6260.55;2023-07-17 14:51:34.072196;Kaolack;1.43
767;42;masculin;Habitation;7;274.93;0;752.79;2022-01-07 14:51:34.072198;Thiès;0.88
768;52;feminin;Auto;3;1238.18;0;1123.97;2022-03-13 14:51:34.072201;Saint-Louis;1.23
769;58;masculin;Habitation;3;1284.93;0;493.09;2022-02-27 14:51:34.072202;Dakar;0.52
770;47;feminin;Auto;2;1332.16;0;2574.79;2022-10-12 14:51:34.072205;Dakar;0.71
771;34;feminin;Vie;8;608.06;1;1356.61;2021-01-01 14:51:34.072206;Kaolack;0.99
772;66;feminin;Auto;6;128.71;0;2600.48;2022-01-01 14:51:34.072209;Kaolack;1.38
773;79;masculin;Auto;1;1933.53;0;3850.58;2021-10-02 14:51:34.072211;Thiès;1.03
774;37;masculin;Auto;1;576.7;1;9429.83;2022-07-20 14:51:34.072213;Kaolack;1.43
775;65;masculin;Vie;7;1384.45;0;6103.76;2023-05-20 14:51:34.072215;Dakar;0.98
776;42;feminin;Vie;8;1442.6;0;8349.74;2024-12-15 14:51:34.072217;Dakar;0.99
777;39;masculin;Vie;5;1259.01;2;7103.52;2024-05-11 14:51:34.072219;Saint-Louis;0.62
778;30;feminin;Vie;5;694.52;2;1125.03;2023-04-20 14:51:34.072221;Saint-Louis;1.3
779;76;masculin;Habitation;4;615.08;0;7359.2;2022-05-29 14:51:34.072223;Dakar;0.75
780;36;feminin;Habitation;6;1235.57;0;2750.99;2023-01-03 14:51:34.072225;Dakar;1.4
781;66;masculin;Santé;6;1745.58;1;6391.08;2025-11-13 14:51:34.072227;Thiès;1.41
782;53;masculin;Vie;3;1898.79;1;3409.62;2022-05-18 14:51:34.072229;Thiès;1.44
783;29;masculin;Habitation;9;301.22;1;9976.72;2022-05-12 14:51:34.072232;Dakar;1.02
784;78;feminin;Auto;7;394.17;0;2635.51;2021-10-23 14:51:34.072233;Kaolack;1.18
785;58;feminin;Vie;1;1895.0;2;2791.3;2025-09-01 14:51:34.072236;Saint-Louis;1.28
786;36;masculin;Santé;7;1499.42;0;9306.72;2024-02-15 14:51:34.072237;Dakar;0.63
787;29;masculin;Santé;5;1777.69;1;246.44;2024-08-26 14:51:34.072240;Kaolack;1.1
788;26;feminin;Santé;5;485.0;0;6966.89;2025-08-04 14:51:34.072242;Dakar;0.53
789;24;feminin;Auto;2;1216.41;0;7253.26;2021-06-26 14:51:34.072244;Saint-Louis;1.0
790;45;feminin;Habitation;4;1432.17;0;8363.79;2022-11-06 14:51:34.072246;Saint-Louis;0.65
791;31;masculin;Auto;6;1392.21;0;9744.39;2025-08-15 14:51:34.072248;Thiès;0.68
792;48;feminin;Vie;10;875.49;1;9756.02;2023-12-26 14:51:34.072250;Thiès;0.87
793;69;masculin;Santé;7;129.25;1;652.77;2021-06-09 14:51:34.072252;Thiès;0.93
794;36;feminin;Auto;5;1207.56;0;8218.39;2021-05-25 14:51:34.072254;Thiès;1.12
795;75;masculin;Auto;9;580.89;0;6463.1;2025-07-04 14:51:34.072256;Saint-Louis;0.57
796;64;feminin;Habitation;3;955.48;4;6473.42;2025-02-22 14:51:34.072258;Kaolack;1.0
797;33;feminin;Habitation;1;1919.4;0;1283.5;2025-11-20 14:51:34.072260;Kaolack;0.68
798;70;feminin;Santé;4;858.17;1;6501.87;2023-09-05 14:51:34.072262;Kaolack;1.07
799;22;feminin;Auto;9;1695.62;0;9824.83;2021-06-09 14:51:34.072264;Dakar;1.14
800;52;feminin;Auto;4;458.23;0;9118.19;2021-01-18 14:51:34.072266;Thiès;1.06
801;29;masculin;Habitation;2;1377.67;0;4391.31;2022-01-08 14:51:34.072268;Thiès;1.24
802;42;feminin;Auto;10;1956.31;0;399.48;2025-02-17 14:51:34.072270;Saint-Louis;0.84
803;69;feminin;Auto;5;293.6;0;3622.93;2021-12-08 14:51:34.072272;Saint-Louis;1.27
804;76;feminin;Auto;3;115.81;0;8263.9;2022-11-27 14:51:34.072274;Dakar;0.93
805;38;masculin;Habitation;9;923.81;0;7014.99;2022-04-23 14:51:34.072276;Dakar;0.98
806;53;feminin;Santé;4;275.99;0;4593.44;2025-05-09 14:51:34.072278;Kaolack;1.15
807;70;masculin;Vie;6;1521.93;0;551.02;2021-09-04 14:51:34.072281;Saint-Louis;0.52
808;40;feminin;Santé;2;1837.64;1;4268.95;2023-02-13 14:51:34.072282;Thiès;1.15
809;33;feminin;Vie;6;924.64;0;4690.25;2021-09-14 14:51:34.072285;Kaolack;1.12
810;74;masculin;Auto;3;591.55;1;9285.56;2021-12-13 14:51:34.072287;Thiès;0.81
811;56;feminin;Santé;9;925.37;0;6410.86;2023-09-18 14:51:34.072289;Kaolack;0.59
812;62;masculin;Vie;2;1474.55;1;3116.53;2022-01-26 14:51:34.072291;Thiès;0.59
813;70;masculin;Habitation;9;117.2;1;5253.18;2023-06-03 14:51:34.072293;Dakar;1.42
814;59;feminin;Habitation;5;1219.96;1;660.55;2020-12-30 14:51:34.072295;Kaolack;1.19
815;75;masculin;Santé;8;1265.25;0;9725.68;2023-12-04 14:51:34.072297;Thiès;0.63
816;56;feminin;Santé;2;1311.61;0;3600.6;2022-12-01 14:51:34.072299;Thiès;0.86
817;31;feminin;Auto;6;559.84;0;4778.67;2023-01-19 14:51:34.072302;Saint-Louis;1.09
818;48;masculin;Santé;3;1456.7;0;3552.84;2024-10-01 14:51:34.072304;Kaolack;1.34
819;75;masculin;Auto;10;273.64;0;6825.12;2022-06-29 14:51:34.072306;Thiès;0.54
820;22;masculin;Auto;5;478.61;0;6622.32;2024-10-10 14:51:34.072308;Saint-Louis;0.74
821;52;masculin;Habitation;8;1767.19;0;7153.22;2025-02-28 14:51:34.072310;Thiès;1.39
822;40;feminin;Habitation;10;1503.57;0;2681.43;2023-04-16 14:51:34.072312;Kaolack;0.51
823;46;feminin;Vie;1;126.12;0;3156.68;2025-07-12 14:51:34.072314;Dakar;0.7
824;60;masculin;Habitation;5;571.91;1;1252.51;2023-11-10 14:51:34.072316;Kaolack;1.46
825;28;feminin;Habitation;3;507.37;0;6555.1;2024-04-07 14:51:34.072318;Kaolack;1.11
826;35;feminin;Santé;4;614.53;1;397.97;2023-08-10 14:51:34.072320;Thiès;0.76
827;64;feminin;Habitation;2;570.36;0;5976.82;2023-12-27 14:51:34.072322;Thiès;0.57
828;29;feminin;Vie;9;218.8;0;8696.96;2025-09-14 14:51:34.072324;Kaolack;0.53
829;26;masculin;Santé;3;971.99;1;8908.32;2024-04-07 14:51:34.072326;Saint-Louis;0.74
830;27;masculin;Vie;2;1492.19;0;4490.38;2020-12-31 14:51:34.072328;Saint-Louis;1.38
831;75;feminin;Habitation;10;1252.79;0;4593.04;2024-12-17 14:51:34.072330;Saint-Louis;0.92
832;61;masculin;Vie;9;1378.46;1;769.69;2022-08-16 14:51:34.072333;Thiès;1.22
833;34;masculin;Santé;7;254.18;0;6707.65;2024-05-31 14:51:34.072335;Thiès;1.42
834;78;masculin;Auto;6;1907.83;1;8212.59;2023-11-10 14:51:34.072337;Kaolack;0.91
835;55;feminin;Vie;1;1693.13;1;2446.55;2023-05-16 14:51:34.072339;Dakar;0.69
836;24;feminin;Vie;5;1629.67;1;4213.01;2021-12-07 14:51:34.072341;Thiès;1.02
837;63;feminin;Santé;3;1663.67;2;8388.39;2022-03-29 14:51:34.072343;Kaolack;1.41
838;30;masculin;Santé;1;1872.15;0;8771.2;2024-11-21 14:51:34.072345;Kaolack;1.3
839;57;feminin;Vie;4;1134.08;0;2431.8;2023-11-25 14:51:34.072347;Dakar;0.57
840;59;feminin;Habitation;2;480.54;0;5505.71;2022-12-31 14:51:34.072349;Saint-Louis;1.19
841;26;masculin;Vie;2;1271.89;0;1924.93;2021-08-14 14:51:34.072351;Kaolack;1.07
842;67;feminin;Santé;3;1511.47;0;1018.79;2025-02-02 14:51:34.072353;Kaolack;1.41
843;44;feminin;Auto;8;1502.04;0;9111.21;2024-05-18 14:51:34.072355;Kaolack;0.62
844;75;masculin;Auto;8;1090.75;0;8205.08;2024-02-07 14:51:34.072357;Saint-Louis;1.03
845;19;masculin;Habitation;7;230.07;0;7600.35;2021-10-19 14:51:34.072359;Saint-Louis;1.38
846;22;masculin;Vie;6;805.11;1;487.66;2023-08-04 14:51:34.072361;Dakar;0.91
847;46;feminin;Auto;9;1849.46;0;8437.29;2021-12-12 14:51:34.072363;Thiès;0.98
848;54;feminin;Vie;4;1210.45;0;4380.44;2025-05-30 14:51:34.072365;Saint-Louis;0.57
849;55;feminin;Santé;1;1122.83;0;3423.95;2025-12-16 14:51:34.072367;Thiès;0.78
850;36;masculin;Auto;8;610.82;0;5464.76;2022-01-11 14:51:34.072369;Thiès;0.82
851;25;masculin;Habitation;7;800.05;0;913.53;2023-02-06 14:51:34.072371;Saint-Louis;1.45
852;65;feminin;Santé;7;1801.16;0;7566.47;2023-06-18 14:51:34.072373;Kaolack;0.78
853;62;feminin;Habitation;3;1366.28;1;5824.35;2024-11-21 14:51:34.072376;Dakar;0.96
854;18;masculin;Santé;4;1596.04;1;1865.9;2023-09-10 14:51:34.072378;Thiès;1.17
855;39;masculin;Auto;10;963.26;2;1882.32;2023-05-08 14:51:34.072379;Kaolack;0.66
856;69;masculin;Habitation;9;1297.47;0;1842.49;2022-04-20 14:51:34.072381;Saint-Louis;0.99
857;34;masculin;Habitation;6;571.93;1;570.02;2021-03-30 14:51:34.072383;Thiès;1.24
858;24;feminin;Santé;5;1440.38;0;5877.98;2021-10-27 14:51:34.072386;Thiès;1.37
859;42;masculin;Habitation;3;912.44;1;8403.48;2022-05-27 14:51:34.072388;Thiès;1.13
860;62;feminin;Santé;9;940.84;3;174.98;2023-01-03 14:51:34.072390;Kaolack;1.17
861;21;feminin;Santé;5;1333.71;1;490.05;2024-01-18 14:51:34.072392;Kaolack;0.63
862;53;feminin;Santé;5;1878.93;0;5727.7;2023-07-08 14:51:34.072395;Kaolack;1.45
863;23;masculin;Santé;4;221.61;1;8194.96;2022-08-01 14:51:34.072397;Thiès;0.63
864;77;masculin;Auto;4;1667.01;0;3267.39;2025-02-13 14:51:34.072399;Thiès;1.27
865;48;masculin;Santé;1;655.53;0;3496.14;2022-06-20 14:51:34.072401;Dakar;0.76
866;36;masculin;Vie;7;943.45;1;5963.46;2023-02-27 14:51:34.072403;Dakar;1.43
867;78;feminin;Habitation;9;141.64;1;2742.13;2022-09-11 14:51:34.072405;Kaolack;1.22
868;61;masculin;Vie;3;671.99;1;266.08;2024-06-24 14:51:34.072407;Kaolack;1.25
869;71;masculin;Auto;2;1055.0;0;7352.29;2021-08-21 14:51:34.072410;Saint-Louis;0.72
870;56;feminin;Vie;3;206.73;0;6256.5;2022-05-08 14:51:34.072412;Kaolack;0.94
871;44;masculin;Habitation;1;1033.08;0;5807.56;2025-05-31 14:51:34.072413;Dakar;1.12
872;27;feminin;Vie;6;1861.51;2;7416.84;2023-05-20 14:51:34.072416;Dakar;1.27
873;43;feminin;Auto;7;300.25;0;6752.31;2023-09-07 14:51:34.072417;Dakar;0.6
874;36;feminin;Santé;2;1552.44;1;2058.82;2025-11-08 14:51:34.072420;Thiès;1.46
875;56;feminin;Vie;8;878.38;2;3524.81;2024-10-04 14:51:34.072422;Thiès;1.39
876;79;feminin;Auto;6;1344.83;0;1261.1;2024-12-03 14:51:34.072426;Kaolack;0.77
877;20;feminin;Auto;4;594.45;1;1298.57;2023-12-28 14:51:34.072430;Saint-Louis;1.32
878;62;feminin;Habitation;5;403.04;0;6761.96;2022-10-22 14:51:34.072433;Saint-Louis;1.02
879;30;feminin;Habitation;8;404.88;0;8586.0;2021-05-11 14:51:34.072437;Saint-Louis;0.96
880;67;masculin;Vie;3;233.93;0;9627.33;2024-01-03 14:51:34.072440;Thiès;0.81
881;45;masculin;Santé;3;452.73;0;6283.47;2025-12-16 14:51:34.072444;Dakar;1.08
882;79;masculin;Auto;4;1362.02;0;1841.01;2024-07-03 14:51:34.072448;Dakar;1.23
883;75;masculin;Vie;1;1775.21;1;1056.5;2023-04-30 14:51:34.072451;Thiès;0.91
884;37;feminin;Auto;9;1646.84;0;8128.51;2025-08-21 14:51:34.072455;Saint-Louis;1.13
885;45;masculin;Auto;8;1401.76;0;5787.56;2021-09-20 14:51:34.072459;Saint-Louis;1.2
886;25;feminin;Santé;8;309.82;0;6182.85;2023-02-12 14:51:34.072462;Kaolack;1.21
887;78;masculin;Santé;10;649.46;0;7814.62;2024-02-18 14:51:34.072466;Kaolack;0.55
888;58;masculin;Vie;6;688.63;2;7032.77;2024-08-10 14:51:34.072536;Saint-Louis;1.36
889;56;masculin;Santé;7;574.92;2;8344.58;2023-12-08 14:51:34.072540;Thiès;0.96
890;18;feminin;Santé;6;1078.51;0;562.14;2025-09-07 14:51:34.072542;Saint-Louis;0.76
891;20;masculin;Vie;9;1117.55;1;7475.21;2022-10-11 14:51:34.072545;Kaolack;0.74
892;30;feminin;Santé;3;778.08;0;8508.53;2022-11-24 14:51:34.072548;Saint-Louis;0.98
893;45;feminin;Habitation;3;772.2;0;2861.35;2022-09-03 14:51:34.072550;Thiès;1.39
894;79;masculin;Auto;3;1674.26;0;6404.47;2023-06-21 14:51:34.072552;Dakar;0.88
895;74;masculin;Auto;10;1599.66;0;3141.62;2025-04-09 14:51:34.072554;Thiès;1.25
896;77;masculin;Auto;3;684.81;0;9579.71;2022-09-16 14:51:34.072556;Thiès;0.6
897;66;feminin;Auto;9;1836.2;0;334.24;2023-02-15 14:51:34.072558;Kaolack;0.98
898;42;masculin;Vie;4;1910.35;2;5797.93;2021-11-23 14:51:34.072560;Thiès;1.49
899;73;feminin;Auto;7;720.81;2;1665.04;2024-11-30 14:51:34.072562;Thiès;1.27
900;50;feminin;Auto;9;773.41;0;7122.2;2023-07-25 14:51:34.072564;Kaolack;0.71
901;55;masculin;Auto;7;1060.7;2;1758.9;2022-03-15 14:51:34.072567;Kaolack;1.0
902;70;masculin;Auto;9;1888.13;0;2353.83;2022-05-09 14:51:34.072569;Dakar;0.73
903;23;feminin;Habitation;3;1765.01;0;4943.71;2021-06-11 14:51:34.072571;Saint-Louis;0.91
904;75;feminin;Auto;4;294.88;1;9148.35;2023-01-02 14:51:34.072573;Thiès;1.28
905;61;feminin;Habitation;8;846.19;0;2117.14;2024-07-14 14:51:34.072575;Kaolack;1.27
906;62;masculin;Vie;6;1151.41;0;1442.4;2025-12-21 14:51:34.072577;Dakar;0.73
907;49;feminin;Santé;5;1055.95;2;7589.77;2023-01-19 14:51:34.072579;Saint-Louis;1.42
908;62;masculin;Auto;4;468.34;1;5006.2;2022-10-08 14:51:34.072581;Kaolack;1.09
909;78;feminin;Santé;8;1731.75;1;9117.85;2025-12-24 14:51:34.072583;Saint-Louis;0.88
910;64;feminin;Santé;1;1386.19;2;1466.15;2023-02-07 14:51:34.072585;Saint-Louis;1.0
911;38;masculin;Vie;9;1692.03;1;6459.28;2025-05-18 14:51:34.072587;Thiès;1.11
912;33;feminin;Santé;1;1731.65;1;2328.79;2024-02-20 14:51:34.072589;Thiès;1.06
913;71;masculin;Habitation;8;1521.88;1;1567.6;2024-03-25 14:51:34.072592;Kaolack;0.99
914;38;masculin;Santé;4;934.5;1;6834.29;2025-09-14 14:51:34.072594;Saint-Louis;1.0
915;28;feminin;Santé;9;1260.04;0;5936.85;2025-08-25 14:51:34.072596;Kaolack;0.68
916;77;masculin;Santé;5;404.69;1;7548.27;2022-07-16 14:51:34.072600;Kaolack;1.31
917;54;masculin;Auto;3;1379.93;1;3094.63;2021-06-05 14:51:34.072602;Saint-Louis;1.04
918;53;feminin;Auto;9;440.58;0;4479.72;2025-07-30 14:51:34.072604;Kaolack;0.63
919;52;masculin;Habitation;9;1418.5;1;4054.72;2021-03-10 14:51:34.072606;Saint-Louis;1.27
920;36;masculin;Habitation;4;536.24;0;9840.89;2024-10-21 14:51:34.072608;Saint-Louis;1.43
921;37;masculin;Auto;4;323.35;1;2922.49;2023-11-30 14:51:34.072610;Saint-Louis;1.45
922;74;feminin;Habitation;8;414.04;0;2948.17;2021-10-24 14:51:34.072612;Saint-Louis;0.87
923;35;masculin;Auto;2;103.79;0;3545.48;2025-02-09 14:51:34.072614;Dakar;0.64
924;64;feminin;Vie;9;1465.61;2;5645.94;2023-01-09 14:51:34.072616;Saint-Louis;1.02
925;58;feminin;Santé;6;1491.56;0;2523.23;2021-10-25 14:51:34.072618;Thiès;0.61
926;66;masculin;Santé;9;1078.37;1;9152.9;2021-11-19 14:51:34.072620;Thiès;1.43
927;31;masculin;Habitation;8;406.59;1;2656.86;2025-04-17 14:51:34.072622;Thiès;0.68
928;32;masculin;Auto;7;258.75;2;8958.16;2023-08-27 14:51:34.072624;Saint-Louis;0.75
929;48;feminin;Auto;1;136.35;0;1034.75;2022-11-18 14:51:34.072626;Thiès;0.91
930;18;masculin;Habitation;3;414.92;1;6565.63;2023-10-22 14:51:34.072628;Dakar;0.88
931;70;masculin;Auto;2;1792.63;2;9069.86;2024-03-13 14:51:34.072631;Kaolack;1.29
932;71;masculin;Vie;5;558.92;0;1687.49;2025-02-25 14:51:34.072633;Saint-Louis;0.96
933;71;masculin;Santé;5;773.12;0;9683.27;2021-10-28 14:51:34.072635;Thiès;0.67
934;20;masculin;Habitation;5;300.16;1;4528.83;2021-04-07 14:51:34.072637;Dakar;0.77
935;33;feminin;Habitation;4;522.49;1;9457.15;2023-06-16 14:51:34.072639;Kaolack;1.01
936;40;feminin;Auto;5;1086.53;0;6768.2;2021-03-14 14:51:34.072640;Dakar;0.65
937;74;masculin;Habitation;3;1254.73;0;3015.87;2023-02-25 14:51:34.072643;Thiès;1.11
938;28;masculin;Vie;1;566.17;0;1883.03;2025-06-27 14:51:34.072645;Dakar;1.07
939;29;masculin;Auto;5;209.69;1;3037.35;2022-07-18 14:51:34.072647;Kaolack;1.21
940;27;masculin;Auto;9;842.96;0;930.17;2025-02-15 14:51:34.072649;Thiès;1.44
941;49;feminin;Auto;9;544.99;0;1438.68;2023-06-12 14:51:34.072651;Kaolack;1.41
942;33;masculin;Auto;4;517.15;0;1046.6;2023-12-01 14:51:34.072653;Dakar;1.45
943;25;feminin;Vie;3;1923.74;0;4229.44;2025-06-24 14:51:34.072655;Saint-Louis;0.74
944;55;feminin;Auto;1;1270.97;1;7955.78;2024-11-25 14:51:34.072657;Saint-Louis;0.63
945;29;masculin;Habitation;2;1158.07;0;1413.84;2023-11-30 14:51:34.072659;Saint-Louis;0.8
946;41;feminin;Vie;8;889.97;0;1303.2;2024-02-01 14:51:34.072661;Saint-Louis;1.4
947;45;feminin;Santé;1;914.99;1;6434.29;2021-06-15 14:51:34.072663;Kaolack;1.47
948;70;feminin;Santé;8;1127.72;0;1971.83;2022-01-13 14:51:34.072665;Saint-Louis;1.36
949;25;feminin;Habitation;7;1423.22;1;976.1;2022-07-15 14:51:34.072667;Kaolack;0.61
950;75;masculin;Habitation;8;1434.08;0;1668.49;2025-11-30 14:51:34.072669;Thiès;1.45
951;45;masculin;Vie;6;426.22;0;9237.31;2024-03-31 14:51:34.072671;Saint-Louis;0.92
952;53;feminin;Santé;9;1050.21;1;8214.71;2021-05-14 14:51:34.072673;Kaolack;0.51
953;43;masculin;Santé;3;882.72;1;3540.65;2022-01-02 14:51:34.072675;Saint-Louis;0.94
954;25;masculin;Santé;10;1754.0;0;6558.21;2024-08-24 14:51:34.072677;Saint-Louis;0.55
955;75;masculin;Santé;4;1299.7;0;5372.76;2022-09-08 14:51:34.072680;Saint-Louis;1.04
956;77;masculin;Santé;6;1111.76;0;6771.24;2025-10-19 14:51:34.072681;Kaolack;0.84
957;67;masculin;Auto;8;319.25;1;6826.71;2022-06-23 14:51:34.072684;Dakar;0.97
958;45;feminin;Habitation;5;1250.71;0;6287.34;2025-12-25 14:51:34.072685;Saint-Louis;1.11
959;45;masculin;Auto;3;322.69;0;2661.01;2023-05-25 14:51:34.072688;Saint-Louis;1.37
960;54;masculin;Santé;6;740.69;1;390.06;2024-11-01 14:51:34.072690;Thiès;1.16
961;58;masculin;Vie;4;371.4;1;4555.67;2022-04-01 14:51:34.072692;Dakar;0.93
962;53;masculin;Vie;9;1414.94;0;8909.74;2021-09-03 14:51:34.072694;Kaolack;1.32
963;44;feminin;Santé;3;491.88;0;5694.97;2023-09-14 14:51:34.072696;Thiès;1.41
964;71;feminin;Santé;4;844.53;0;8323.91;2022-11-01 14:51:34.072698;Saint-Louis;0.62
965;34;feminin;Vie;7;1801.78;0;9916.24;2024-11-14 14:51:34.072700;Thiès;1.03
966;26;feminin;Auto;7;488.2;0;1636.16;2025-11-03 14:51:34.072702;Thiès;0.78
967;50;masculin;Auto;4;1064.83;2;6917.78;2023-11-14 14:51:34.072704;Saint-Louis;0.55
968;70;feminin;Santé;6;896.62;0;6742.94;2025-08-19 14:51:34.072706;Dakar;1.17
969;37;masculin;Auto;3;134.44;0;9799.55;2021-07-17 14:51:34.072708;Dakar;1.36
970;30;masculin;Vie;6;1606.24;0;9856.01;2023-08-31 14:51:34.072711;Thiès;0.66
971;45;masculin;Auto;2;231.19;2;6866.79;2024-04-27 14:51:34.072712;Saint-Louis;1.31
972;65;masculin;Santé;8;1001.08;0;2436.15;2022-09-30 14:51:34.072715;Kaolack;1.35
973;46;masculin;Vie;2;1165.29;0;7985.56;2023-09-29 14:51:34.072717;Thiès;1.41
974;30;feminin;Auto;7;1294.01;0;1070.29;2025-01-14 14:51:34.072727;Kaolack;0.77
975;63;feminin;Habitation;9;1408.4;0;7806.99;2023-04-12 14:51:34.072730;Thiès;1.4
976;52;feminin;Vie;1;581.22;1;9101.96;2021-03-28 14:51:34.072732;Thiès;0.82
977;78;feminin;Vie;8;118.96;0;3828.33;2021-10-15 14:51:34.072734;Saint-Louis;1.05
978;23;masculin;Habitation;7;1474.54;0;6306.35;2022-05-31 14:51:34.072736;Saint-Louis;0.55
979;35;feminin;Habitation;6;1117.75;1;4301.43;2024-12-12 14:51:34.072738;Kaolack;0.54
980;68;masculin;Vie;6;1688.62;0;4377.65;2024-02-06 14:51:34.072741;Kaolack;1.22
981;22;feminin;Habitation;6;1660.64;0;3103.71;2021-09-02 14:51:34.072743;Dakar;0.94
982;64;masculin;Santé;9;1702.32;0;7621.3;2024-04-22 14:51:34.072745;Saint-Louis;0.76
983;42;masculin;Santé;2;1021.68;0;9361.77;2022-08-01 14:51:34.072747;Thiès;0.69
984;19;feminin;Santé;1;733.89;1;9407.51;2024-12-08 14:51:34.072749;Thiès;1.17
985;27;masculin;Vie;6;1603.96;0;1747.81;2025-08-25 14:51:34.072751;Dakar;0.5
986;73;masculin;Habitation;10;957.46;1;8747.44;2021-05-24 14:51:34.072753;Saint-Louis;1.31
987;47;feminin;Habitation;8;448.54;2;7374.31;2025-02-20 14:51:34.072756;Thiès;0.58
988;67;masculin;Auto;3;1724.45;1;2528.37;2023-05-07 14:51:34.072757;Dakar;0.69
989;76;feminin;Auto;10;1776.86;1;672.85;2024-08-15 14:51:34.072760;Dakar;0.89
990;62;feminin;Habitation;1;985.99;2;2679.97;2023-09-03 14:51:34.072762;Thiès;0.98
991;22;feminin;Habitation;9;243.83;0;9122.08;2025-08-30 14:51:34.072764;Thiès;0.85
992;72;masculin;Habitation;1;836.87;2;6331.79;2023-01-07 14:51:34.072766;Kaolack;0.82
993;73;masculin;Vie;3;1626.72;1;7210.55;2023-11-09 14:51:34.072768;Saint-Louis;1.46
994;50;masculin;Habitation;8;1813.37;0;2571.52;2024-04-26 14:51:34.072770;Kaolack;1.14
995;71;feminin;Auto;3;486.6;0;7193.88;2021-08-26 14:51:34.072772;Dakar;0.52
996;18;masculin;Vie;4;227.25;0;281.22;2021-12-25 14:51:34.072774;Thiès;0.93
997;35;feminin;Habitation;8;1766.97;1;3753.21;2022-06-02 14:51:34.072777;Kaolack;1.38
998;49;feminin;Auto;1;839.87;1;6267.53;2022-01-11 14:51:34.072778;Dakar;0.8
999;64;masculin;Vie;6;1129.35;0;1460.97;2021-08-19 14:51:34.072781;Saint-Louis;0.59
1000;66;feminin;Habitation;1;1939.33;0;8230.04;2025-10-10 14:51:34.072783;Thiès;1.26
